Barcode;seurat_clusters
GTTTGAGCGGTTATGT-1_1;1
CTAAACGGGTGTAATC-1_1;1
GCTAGCAGGGAGTGGG-1_1;2
CACGGCGCGCCAAAGG-1_1;2
ATGCCAATCGCTCTGC-1_1;2
ATTCCTAAGACGTGGA-1_1;2
CATCAAACTGGCGCCC-1_1;2
AGTGTATTGCGCATTG-1_1;2
GTTGGATTCAGTGGCT-1_1;2
TAAAGCTGCAATAGGG-1_1;2
AGTAGGAAGGAAGTTG-1_1;2
TATCACTTCGAGTAAC-1_1;2
TGATCTACGCTGATCT-1_1;0
GGATCATCCCGTACGC-1_1;3
TGACACTTCTCTTTGC-1_1;2
AGCCCTTCTAATCCGA-1_1;3
CACCGCGTCCACTCTA-1_1;2
TAATTGGAATCGGGAA-1_1;3
TCGTAAGCTCCGAGGA-1_1;2
TATATTACAAATGTCG-1_1;2
CGCGAGAGGGACTTGT-1_1;2
GGACCTACGGTAACGT-1_1;2
GAAATATGCTTGAATG-1_1;1
CCGTATTAGCGCAGTT-1_1;2
AGGCGTCTATGGACGG-1_1;2
AACATCGATACGTCTA-1_1;2
GAATGAAGGTCTTCAG-1_1;0
AGATACCAGCACTTCA-1_1;2
GAGGCATTTGCAGCAG-1_1;0
TCTACGGGCTCAGTTG-1_1;0
AAGTAGAAGACCGGGT-1_1;0
ATGGATCCGGCGTCCG-1_1;1
GGATTCCGCTATACCC-1_1;0
ATGCCGGTTGATGGGA-1_1;2
TGAGCTTTAATGACGC-1_1;0
ATATCTCCCTCGTTAA-1_1;0
TCGCTAAACCGCTATC-1_1;0
GATATGCGGTAGCCAA-1_1;0
CGTTTCACTTCGGGCG-1_1;0
CCAATTACGGGTCGAG-1_1;0
GCAGGTAGAGTATGGT-1_1;2
GTCGTATTGGCGTACA-1_1;1
GAAATTAGCACGGATA-1_1;2
AATGCACCAAGCAATG-1_1;0
AGGACGCTCGATGTTG-1_1;2
GGCTAAAGGGCGGGTC-1_1;0
CATCTATCCCGTGTCT-1_1;0
CAGTAACTATTTATTG-1_1;0
CATATACTACTGATAA-1_1;2
GCGTTCGGAGACCGGG-1_1;5
AAGTTCAGTCTGCGTA-1_1;4
CGAAGCTATAAATTCA-1_1;0
CGCGGTCACAAACCAA-1_1;3
GGGAATGAGCCCTCAC-1_1;2
ACGGAGCGCAAATTAC-1_1;3
CGTTCTTCGCACACCT-1_1;0
GAATAGCCCTGCGGTC-1_1;2
AATAGCTACCGCGTGC-1_1;0
CCGAGCTGTGCTTGTC-1_1;0
GCCTATGCTGGGCCTT-1_1;2
GCTTGCAGCACAATTG-1_1;0
ACAGTATACCGTGGGA-1_1;0
ATTACGACTCCACAGT-1_1;0
CTCACACGCAAGCCTA-1_1;3
CGCTCGACATAATGAT-1_1;1
CCAATTGAATGTTAAT-1_1;1
GCTAATACCGAATGCC-1_1;0
TTCCTCGAGGGTGTCT-1_1;0
CTTGTACTTGTTGACT-1_1;0
ATTATGCCATAGGGAG-1_1;2
AGATGACTCGCCCACG-1_1;1
TTGCACGGAGCAGCAC-1_1;0
ATACTAGCATGACCCT-1_1;3
CCAAGACTTCTGCGAA-1_1;2
ACATAATAAGGCGGTG-1_1;0
TAATACACAGTAGTAT-1_1;1
TCTTGGTAACACCAAA-1_1;2
ATCACTTCATCCTCGC-1_1;4
CATGATGCACAATTCT-1_1;1
ATAGGGATATCCTTGA-1_1;0
CACCTAATCAGTTTAC-1_1;0
TGTGACTACGCCAGTC-1_1;0
CCCGACCATAGTCCGC-1_1;1
CGCGCCCGACTTAATA-1_1;1
TGCCACCTGGCGAAAC-1_1;1
CTGCCAAGGTTGGAAG-1_1;0
TCTCCAACGTAGGTTA-1_1;4
TTCTTGGAGTAATGAG-1_1;4
GTCTCGATCTGCTTTC-1_1;0
TACTCTCCGAACAAAT-1_1;0
ATCACATTAGAATATC-1_1;2
TACGGGATGCTAGCAG-1_1;3
AGCTGAAGTAAACCAA-1_1;2
CATGGGTCGGGTGTGG-1_1;3
CACCCACGAGGCAATT-1_1;2
TGCCATTACTAAAGAA-1_1;2
CCGTTACGTTAGAACA-1_1;2
GCCAGGAGTAACCGAT-1_1;2
GGAAAGTGCCCATGCC-1_1;3
TCTTACCGGAACTCGT-1_1;3
TATGTCAAGACCGACT-1_1;0
CCTAACTAAGGCTCTA-1_1;0
GCGGTGAACTGCGCTC-1_1;0
CCTCGCGCGATATAGG-1_1;0
ATCGGCAAGCAGTCCA-1_1;0
AGATCGTGCATAAGAT-1_1;0
ATTCAGGACCTATTTC-1_1;2
AGCTAGAAGCAGAAGT-1_1;2
TTCGCTATCTGACGTG-1_1;3
TTCCGCAGAGAAATAT-1_1;2
CAGTACATTCTCTAAA-1_1;0
GTGAAGATTTCAAGTG-1_1;3
AACGCATGATCTGGGT-1_1;2
CCCAGAGGAGGGCGTA-1_1;4
GGAAACCTTGTTGAAT-1_1;0
GTGAAGCCGTATAGTC-1_1;0
GAGCTGTCGTCTCGGA-1_1;0
TGTCATTTGTTGGGAA-1_1;0
ACCAACACCACACACT-1_1;0
AAATGATTCGATCAGC-1_1;0
CTGCTTTATGTCCGCG-1_1;0
GCGAGAGGCCATGTAA-1_1;2
ATTGACCGGCGATGAC-1_1;0
ACCCTGGTAACGCCCT-1_1;0
GTTGGACCGCATCAGG-1_1;2
CGTTTACAAGGCAGCT-1_1;0
CGGTCCATGAGACTCC-1_1;0
GTTCGTCTGGGTCCCT-1_1;0
TGTACTACTCTCACGG-1_1;0
AGTGAAGATGGTGTCC-1_1;0
GAGGGCCATAATATTA-1_1;0
TTGGCTCGCATGAGAC-1_1;1
ATTCCTCCGCCAGTGC-1_1;1
GGAGAAGTCATTGGCA-1_1;1
TTGTTAGCAAATTCGA-1_1;0
TCTAGCATCTTCGATG-1_1;3
TTCTAGGCCAATTGTG-1_1;3
TCACGGTCATCGCACA-1_1;0
ATGAAGCCAAGGAGCC-1_1;2
AATGACTGTCAGCCGG-1_1;3
CCAAACAGAACCCTCG-1_1;0
TATCGATGATTAAACG-1_1;2
GAACACACATCAACCA-1_1;0
CCCGTCAGCGTCTGAC-1_1;5
AGCATCGTCGATAATT-1_1;4
GACTAAGATCATGCAC-1_1;5
TAGGGTGTTTCAAGAG-1_1;0
TGGTTCGTAGCAAAGG-1_1;2
CTGTTCACTGCCTGTG-1_1;0
ATGTGCATCCGACGCA-1_1;0
TTGTCGTTCAGTTACC-1_1;4
CGGGATCAATGTAAGA-1_1;0
TTATCTGTATCATAAC-1_1;2
ATCGACTCTTTCCGTT-1_1;1
CTCATTTGATGGGCGG-1_1;3
GTAAGCGGGCAGTCAG-1_1;4
TCTATCGGTCGCAACA-1_1;3
AACGCGGTCTCCAGCC-1_1;4
ATTAATACTACGCGGG-1_1;0
CTTTAACTTTCAAAGG-1_1;2
CGTACCTGATAGGCCT-1_1;0
GAATGTTGGGTAATCT-1_1;0
TGCGGAGTAAAGGTGC-1_1;0
CCTGAATATTTACATA-1_1;0
TTGCTCCCATACCGGA-1_1;0
CCTCTAATCTGCCAAG-1_1;0
AGGTTGAGGCACGCTT-1_1;0
TCCCGTCAGTCCCGCA-1_1;0
TCCGATGACTGAGCTC-1_1;4
CAGCCTCCTGCAGAGG-1_1;0
CTTAGCCTTCCACATG-1_1;0
ATTAATGAACCAGTCG-1_1;0
ACGATACATAGAACTA-1_1;1
AGCCACTCCCGTGCTT-1_1;4
ATACGGGTTTCGATTG-1_1;4
CTGTCAAATGGCTCGG-1_1;1
GCTCGGAATTTAAAGC-1_1;2
TAGGCATGTTACGCCA-1_1;1
TGGCAACTCGCGCGCC-1_1;3
ATCAGTAGGCAGGGAT-1_1;0
TATCGATCTATGCATA-1_1;2
CGACTCAGGATGTTAT-1_1;0
GCCATATTGCACACAG-1_1;4
AATTCATAAGGGATCT-1_1;0
CGGTAGAGGTGCAGGT-1_1;0
AATGATGATACGCTAT-1_1;0
CTTGTGCTCACCGATT-1_1;2
TTCCAATCAGAGCTAG-1_1;0
CGATGGACCCTACGCC-1_1;0
GGTCGGATAAACGGCG-1_1;2
TTAGCTAATACGATCT-1_1;0
CTCGATATTTGCGAGC-1_1;3
ATTACTTACTGGGCAT-1_1;2
CTAGCCGATGTTATGA-1_1;2
TACTGCAATCAATTAC-1_1;2
TAGTCTGTGACGTTGC-1_1;4
CTCGTTTCTAATGTTT-1_1;0
TTCGTTCAACGAAGTT-1_1;0
CTGAATTTATTGCCAG-1_1;0
TGGAATATCCTTGACC-1_1;2
CAGATCATTTAAAGTC-1_1;0
CTCCTTTACGCAAGTC-1_1;2
TCCCAAACAGACAACG-1_1;2
ATCGCTGCGTGCAGCA-1_1;3
TTAGTTCAAGTGTTCG-1_1;0
AAACTCGTGATATAAG-1_1;2
TTAACGAACAAGCAGT-1_1;3
GTTATATCAGGAGCCA-1_1;3
CAAATTGGATTATGCC-1_1;2
CGAGGAGCTTCCATAT-1_1;3
GGAGACCAATGTGCTT-1_1;3
CATTGATGAACACGCC-1_1;0
GTCAATGCTATAATTT-1_1;0
ACCACCCTCTCTTCTA-1_1;0
TGGAGGGAAACACCTC-1_1;0
CACGGACGTGGATGGC-1_1;0
AACTTTCTCGATCATG-1_1;0
CGTATTGTTTCCTAAT-1_1;0
CACACAGGGATAGATT-1_1;1
TCTTACGGCATCCGAC-1_1;1
GAAAGTGACTAACTGC-1_1;1
CCGGAATGGTTTCAGT-1_1;2
AGTATAATACTAGGCA-1_1;2
TGTGTCGCGAGTTGCA-1_1;1
ATCCAACGCAGTCATA-1_1;0
AAGGCGCGTAAAGCTT-1_1;3
AGTCGGCCCAAACGAC-1_1;1
AACGTCAGACTAGTGG-1_1;2
ACTACCAGCTCTCTGG-1_1;2
GCAAGTGCACAGAGAA-1_1;1
ACACCTTAAGTAGGGC-1_1;2
TTCGACGGGAAGGGCG-1_1;1
TTCGCACTCGCGTGCT-1_1;0
TATTTGTTACCCTTTA-1_1;0
CGCTGTGACGCCGCAC-1_1;0
GTTGCACGGAGTTTCG-1_1;0
GTTTCCTGGAGGGTGA-1_1;0
ACACCCAGCATGCAGC-1_1;2
TCAACCATGTTCGGGC-1_1;0
TTACAACTACGCATCC-1_1;0
TCCGATGGTGCGACAT-1_1;2
GGGCGTACATTTATAT-1_1;3
AGCGACCAACGATATT-1_1;0
ACACAAAGACGGGTGG-1_1;0
ATCGCACGCCGGGAGA-1_1;0
GCTCTAAACCCTGACG-1_1;0
AATGCAACCGGGTACC-1_1;0
TCAAACAACCGCGTCG-1_1;2
TATGCTCCCTACTTAC-1_1;5
AAAGGGATGTAGCAAG-1_1;2
ACGATCATACATAGAG-1_1;2
TTGTTCAGTGTGCTAC-1_1;2
ATGCATGATCCAGGAT-1_1;1
AGTCTTCTCCTCAAAT-1_1;0
GATTCCCTTGTCGCAG-1_1;0
CTCGCACCTATATAGT-1_1;3
ACTCAATAAAGGCACG-1_1;0
AACCGAGCTTGGTCAT-1_1;0
TAAGGCAACATAAGAT-1_1;0
CACGCACAGCGCAGCT-1_1;0
GGTTTACAATCTCAAT-1_1;1
TGCAGGATCGGCAAAG-1_1;0
ATAACGGAGTCCAACG-1_1;0
AACGATATGTCAACTG-1_1;0
GACAACGACCATTGAA-1_1;0
TTGACCATGTTCTCCG-1_1;1
AGTACGGGCACCTGGC-1_1;0
CGCCATCCGATTATGA-1_1;2
AAGGTATCCTAATATA-1_1;0
TGTTGTCAAGAAGTCT-1_1;2
CAGTGAATAAATGACT-1_1;0
CACCTTGCGAAACTCG-1_1;1
CATTTAGCGGACCATG-1_1;0
CCAGTCTAGACGGCGC-1_1;2
TCGCTTTAAACGTTTG-1_1;0
GTGAAACGGCGCCACC-1_1;0
GGGCTCATCGAACCCA-1_1;0
TTGATGTGTAGTCCCG-1_1;0
CAGTAGCCCACGCGGT-1_1;0
AGCGCGGGTGCCAATG-1_1;0
TAATCGATCCGTACGT-1_1;0
AGTGGCGGCAATTTGA-1_1;0
CCTTTCAATGAAGAAA-1_1;5
CTCAGTCACGACAAAT-1_1;2
ATAGGCTAGCTTCGCA-1_1;5
CGGTTCAAGTAGGTGT-1_1;3
CAGTCGAGGATGCAAT-1_1;3
TATCACCCAACCGACC-1_1;3
AATGATGCGACTCCTG-1_1;3
TGGAACCACTGACACA-1_1;3
GCCAATAGGGCATCTC-1_1;3
ATTAGATTCCTCAGCA-1_1;3
CCGTGGAACGATCCAA-1_1;3
GGGTCGTGGCAAGTGT-1_1;3
TCGCTCGGCACCAGCG-1_1;3
ACGCAATCACTACAGC-1_1;3
CTCTAATGCATTGATC-1_1;3
GTCTCGACTAAGTTTG-1_1;3
TGGTTTAAACGTGGGT-1_1;3
CGCAGATCTTCACCCG-1_1;0
TCCAGATGTACGCCAA-1_1;3
CATTGCGGGTCAATTC-1_1;0
GACGTTCGTAAATACA-1_1;2
TACACCGTCGTTAGTC-1_1;0
ACGGGCGTATGCGACA-1_1;0
GAAGGCTACCATTGTT-1_1;4
TAAATCTTTACACCTC-1_1;4
AGTTTATGTAAAGACA-1_1;0
AGGAGACATCCACAGT-1_1;3
CAACCTGAACCTGCCA-1_1;0
AGTCCCTCGCAGAAAG-1_1;0
TGTATACGGATGATGA-1_1;3
TCTGCACCATTAGTAA-1_1;0
GACTGCGGCACGTGTA-1_1;1
TTATCGCCTGCGAAGC-1_1;1
TGGAATTAGACGCTTT-1_1;1
TCGTCACACTGTTAGC-1_1;2
GGTGCTGATCACAAAG-1_1;2
CATAGCCGCCCGGGAT-1_1;1
GGTTAGTTACGGCGCC-1_1;2
ATTCCCACATAAACAA-1_1;2
ATTCAGTAGCAGGGTC-1_1;1
CAGTTCCGCGGGTCGA-1_1;0
AAGAGATGAATCGGTA-1_1;1
CGCAATTCTACAATAA-1_1;1
TAACGCTTTGAGAGCG-1_1;1
AGGCTATGGTTAGCTT-1_1;1
GAGGAATGGAGAGGTT-1_1;2
TCCTCTACGAGATGGC-1_1;2
TTGATTATGCAGATGA-1_1;2
TCAGTACTGACCCGCG-1_1;2
TTATGACAAACTGGAT-1_1;0
GTAAGTAGGGTATACC-1_1;0
CGCAAACACGAGTTAC-1_1;0
TGGCCGTATATTGACC-1_1;0
ACTGTAGCACTTTGGA-1_1;2
GCTCTATGTTACGTGC-1_1;2
TGCGCGATTAACGGAG-1_1;2
GAATCGACATGGTCAC-1_1;3
GACTAAGTAGGCTCAC-1_1;0
ATCTTGACCTGCAACG-1_1;0
ATGCACTACCGCATTG-1_1;5
CAGATACTAACATAGT-1_1;0
GATCGACACTATCTGA-1_1;2
ATAGAGTACTGGGACA-1_1;2
CCTACTGCTTACACTT-1_1;1
CCTGCTATTTGAGAAG-1_1;1
CGCGTTCATGAAATAC-1_1;2
CATTATGCTTGTTGTG-1_1;3
CCAGGGACGTGGCCTC-1_1;0
TATGGATGTGCTACGC-1_1;0
GTACTAAGATTTGGAG-1_1;0
AGACCCGCCCTCCTCG-1_1;0
CGCATTAGCTAATAGG-1_1;0
GCTCTCGGGTACCGAA-1_1;0
CACCGCCAGAAGGTTT-1_1;0
TCCCAAAGACGAAGGA-1_1;0
ATGGATTGACCAAACG-1_1;0
GTCATGGACATGACTA-1_1;2
CTACTGCCACCTGACC-1_1;0
TTATATTTGGCAATCC-1_1;2
AGCACCAGTACTCACG-1_1;0
CATGGTCTAGATACCG-1_1;0
TCTACCGTCCACAAGC-1_1;0
CTAGTTGGGCCCGGTA-1_1;1
TCCCGCGTACTCCTGG-1_1;0
CAGAGCATGAGCTTGC-1_1;0
ACACGGGAACTTAGGG-1_1;1
GGCTCTGCTCCAACGC-1_1;1
AGAACGTGGTACATTC-1_1;0
CAATAAACCTTGGCCC-1_1;2
ACTTCGCCATACGCAC-1_1;2
ATCTGGTTAAGACTGT-1_1;0
TCGTAAGACGACATTG-1_1;0
GTGTACCTTGGCTACG-1_1;0
GCCCGTAATACCTTCT-1_1;0
CGGTCAAGTGGGAACC-1_1;0
TTGTAAGGCCAGTTGG-1_1;0
GGAGCACCAAGAACTA-1_1;0
TAATAGTGACGACCAG-1_1;0
CTAAATCCTATTCCGG-1_1;0
CGAGTTCTGTCCCACC-1_1;0
AGGCAGATGCGTAAAC-1_1;0
AAGGATGAGGGACCTC-1_1;5
AGAGAACCGTCTAGGA-1_1;0
GAGGGCGCAGCTCTGC-1_1;5
AAGATTGGCGGAACGT-1_1;2
CCAGTAGTCTGATCCA-1_1;4
AAGGGACAGATTCTGT-1_1;0
ATAGAGTTATCAACTT-1_1;0
AAATTACCTATCGATG-1_1;0
GATCCTAAATCGGGAC-1_1;0
TTACAGACCTAAATGA-1_1;5
CCTCACCTTAGCATCG-1_1;6
CATGCGACCAGTTTAA-1_1;3
AACATATCAACTGGTG-1_1;1
CTATAAGAGCCAATCG-1_1;3
AATATCGAGGGTTCTC-1_1;0
GTACTCCTGGGTATGC-1_1;3
ATAAGTAGGATTCAGA-1_1;1
AGGTCGCGGAGTTACT-1_1;3
CTAATTCTCAGATATT-1_1;2
GCCAACCATTTCCGGA-1_1;3
TGATCCCAGCATTAGT-1_1;0
CGTTGTAAGATTGATT-1_1;2
GAAACCATGGTGCGCT-1_1;0
AATCTATGCCGGAGCC-1_1;2
GACTCCCAGAATAAGG-1_1;0
TATGATCCGGCACGCC-1_1;0
CCGCTTGCTGACATGG-1_1;3
TGGTTAAGGGCGCTGG-1_1;2
TTGATAGTCAATACAT-1_1;3
GGTTTAATTGAGCAGG-1_1;3
CATTACATAGATTGTG-1_1;3
GGTACACCAGATTTAT-1_1;2
GGCCCGTATACCATGC-1_1;3
ATCTTTCGTATAACCA-1_1;2
GAGATGACAATCCTTA-1_1;3
AAAGCTTGCCTACATA-1_1;3
GAACGATAAGTTAAAG-1_1;2
TAATAGCTAAATGATG-1_1;3
TATGGCTAGGCTAATT-1_1;4
AGGAGAGTCTGGCTAC-1_1;2
TGCTCTGCCGGTTCAC-1_1;3
AAAGACTGGGCGCTTT-1_1;1
TAACAATATTTGTTGC-1_1;2
CCAGCTTCCGCCCGCA-1_1;2
GATATGGATTACGCGG-1_1;1
AGAGCAGTTATGAGAC-1_1;0
TCACATCTTATCTGAT-1_1;3
TATGAAGACAGGTGCG-1_1;0
TACCTGCTGCACTGTG-1_1;2
TAGGTCCAAGTAAGGA-1_1;2
GAAACTCGTGCGATGC-1_1;2
AACAATTACTCTACGC-1_1;0
CCGCACGTGACCTCGG-1_1;2
AACTTGCCCGTATGCA-1_1;0
GGGTATGTATGCACTT-1_1;0
TTCGTACTCCAGAACG-1_1;0
GAATTTCTCGCTGCAG-1_1;1
AACAGGATGGGCCGCG-1_1;0
TAGGTGAGCCCTACTC-1_1;1
CTAATTCGCACGCGCT-1_1;1
GAAGCTTGCTGACCGC-1_1;1
GGTTAGGCTTGGAGAA-1_1;1
ACAAGGACAAGAGGTT-1_1;5
AGGCCACCCGTTATGA-1_1;1
GTGGGCTTAGACACAC-1_1;5
CGTGTCCCATTCGCGA-1_1;2
TGGAGTGATGCGATGA-1_1;5
AACAACTGGTAGTTGC-1_1;5
CCTGGCTAGACCCGCC-1_1;0
CGCAATTAGGGTAATA-1_1;1
TCGAAATTTAGGACCA-1_1;2
AGACTAGCCTTCCAGA-1_1;2
TTGATCTAACTTTGTC-1_1;0
AAGGAGCGGTTGGTGC-1_1;2
ACTTGGGACCCGGTGG-1_1;5
TGATCTCCGGCGCCAG-1_1;4
CAGTTCAAATTGACAC-1_1;0
GTCCGGCTGAATTGCG-1_1;1
CTGGAAATGGATGCTT-1_1;2
TGATCGGTTTGACCCT-1_1;3
TAGAGTCTAAGCGAAC-1_1;3
GAGACTGATGGGTAGA-1_1;0
TAGCTAAGTCCGGGAG-1_1;0
GGGCGATATGTGTGAA-1_1;2
CTCGAGGTCGAACAGT-1_1;0
GATCCCTTTATACTGC-1_1;0
GTCATGCACCTCCGTT-1_1;0
ACTTTCCTATAGCTTC-1_1;0
TCGCTCGATATATTCC-1_1;2
ATAGGTTGGGCAGATG-1_1;0
CAATTAAGGGTGATGA-1_1;0
ACCGACTGAGTCCCAC-1_1;0
CCTGTCACCCGGGCTC-1_1;3
GATCGGTGGCCATAAC-1_1;2
CCTATGGGTTACCGTC-1_1;1
TTGGGACACTGCCCGC-1_1;4
CGAGGCTAAATATGGC-1_1;0
TCAGGGTGTAACGTAA-1_1;4
CGAGAGATGTGAACCT-1_1;4
TCGCTGGGCGGATTGT-1_1;0
AGATCTCAGGTGTGAT-1_1;3
TGGCCAAACTGAAGTA-1_1;2
GCTTCCGTCCCTAGAC-1_1;0
CAGCAGCCCGTTCCTT-1_1;2
TGTATAACAGATCCTG-1_1;2
CGCGGGAATTAGGCAG-1_1;2
TGCATGTGGTAATCTA-1_1;4
ACAATTTGAGCAGTGG-1_1;4
GAGCTAAGGGCATATC-1_1;4
CCAGATAGTTGAGTGA-1_1;0
CCACAATGTACGTCTT-1_1;0
CAATGGATCTCTACCA-1_1;0
TGTGGCAAAGCGTATG-1_1;5
TAAAGCGTTAGGAGAA-1_1;5
TCCGTTTAGCCTTGAA-1_1;0
CAGCTCGACAAGTTAA-1_1;5
GCCTATAGTGTCAGGG-1_1;0
ATAGACAACGGGACCT-1_1;0
CTACTATCTTTCAGAG-1_1;0
GCGCTGCTTTGCATTT-1_1;0
GCGCATCCAGTCAGCA-1_1;3
GACTCGCGGGAATGAC-1_1;3
CTGGTAACGAGCTCTT-1_1;0
TCCGGCCTAGCGTACA-1_1;0
TCTAGGTGGCGACGCT-1_1;3
ACGCTAGTGATACACT-1_1;3
ATCTGCACCTCTGCGA-1_1;0
CCTCACCTGAGGGAGC-1_1;2
AGTGAGCCTCGCCGCC-1_1;0
ACGAGTACGGATGCCC-1_1;5
GGTACCATTAAGACGG-1_1;0
TTCTGCTAGACTCCAA-1_1;0
TAACTATTACGCCAAA-1_1;0
GCATTCAAGGCAACGC-1_1;0
AGTACATCATTTATCA-1_1;0
AGTCTAAAGTATACTC-1_1;2
CGGCCCAACCTGTAGT-1_1;2
AGGGAGACATACTTCG-1_1;0
TCCCTAGATCAATAGG-1_1;0
TCCCGTCGCGTCATAG-1_1;0
CGCATCCATCAGCCAG-1_1;0
CTGCACCTAGTCCACA-1_1;0
CGAGGATCGGGAACGA-1_1;2
CAATGAGGTTCGACTA-1_1;0
TCTGACGGGCTAACCC-1_1;2
TTCTATGCCTTTCGCA-1_1;3
AGAGTATAGTGTTACG-1_1;4
CCATTGTTTCCTCCAT-1_1;0
CTCATCACTTAGTGAT-1_1;4
CCGAAGGGCGTACCGC-1_1;0
TCAAGCTGCCTTGAAA-1_1;4
CTCATTAACGTTGCCC-1_1;0
GCAACCCAAGTTGTTT-1_1;1
CACGGGATTGAGGGTT-1_1;1
GCGTTATATTTGGAAC-1_1;1
CGTCAAGGCTATAAAT-1_1;0
TTAGCTCTGTAATCCG-1_1;1
AATGGTCCACCGTTCA-1_1;0
GTCATTGCATTGACCC-1_1;5
TGTCCGTGGCGCCTTT-1_1;0
TCAACTAACGTATAAC-1_1;2
TCCTCTCCAGTTGTCC-1_1;0
TGTGTTCGTATCCAAG-1_1;3
CCGCGTAGGTAAGGGC-1_1;0
CTGCGGGTGAAATGTT-1_1;3
TATCTACAGAGGTAAT-1_1;3
CTACTCTAGGCCCGGC-1_1;3
ACAAGCAGTGCCTAGC-1_1;3
TACAAGTCTCGTGCAT-1_1;0
TCGGAATGCGCTCTGA-1_1;0
TCGCGTCCAGAAGGTC-1_1;0
TATGGCCCGGCCTCGC-1_1;5
GCTGGCATATTCACCT-1_1;1
GTCAGAATAGTCTATG-1_1;5
GGCGTCCTATCCGCTG-1_1;1
CGGAGTTTGAGAGACA-1_1;5
AGCACTTAAGGACGCC-1_1;1
TCCACAATGGTTTACG-1_1;0
CCAACGATGCACTGAT-1_1;0
ATTTACAGTTTACTGG-1_1;0
CCCTGAAATGAGTTGA-1_1;0
CAAACGGTCGCACTTT-1_1;0
TGATTCGTCTATCACT-1_1;5
TCAGGTTCTTTGAGAA-1_1;5
CACGCAGCGAGGCTTT-1_1;5
TTAAGCGCCTGACCCA-1_1;5
CTTACACGGTATTCCA-1_1;4
AAGGCTGTGCTCATCG-1_1;5
GACCAGAGCCCTGTAG-1_1;4
TCCCAGGCTTAGCTAA-1_1;1
ATTGAAGATCTTAGTG-1_1;4
AGTTCCTACAGAATTA-1_1;1
GGGCTGGTTAGTCGCG-1_1;5
GAAATGGCGGTGTTAG-1_1;1
TACGAACACGACTTCA-1_1;0
ACCACAAGTTTCTATC-1_1;1
ATATTTAACCCTCAAG-1_1;4
GATCATTCCAAACATT-1_1;4
TCCAGGCGAGTACGGT-1_1;2
GTTTGACCAAATCCTA-1_1;0
CACAGCACCCACGGCA-1_1;0
TGCAAGAATGACGTAA-1_1;2
GCGAAGCCATACCCGT-1_1;3
TCCTTTCTTACGCTTA-1_1;2
GCTGCTCTCCGGACAC-1_1;3
ACTGTCTTCTTTAGAA-1_1;3
TCAAACTTAGATTGTT-1_1;3
CTATGTCACTAGCCCA-1_1;3
TGCGCAAAGCATTTGG-1_1;3
TTAATGTAGACCAGGT-1_1;3
GGCGGTAGGATCATTG-1_1;1
GGCAATAGTCAATGAG-1_1;1
ACACGAGACTCCTTCT-1_1;1
GACACAAGGGAAGAAA-1_1;5
TCAGCAAATGCATCTC-1_1;0
GAGATCTGTCACTCCG-1_1;4
ATGCCGGTCTTGCATA-1_1;3
TTGGGCGGCGGTTGCC-1_1;3
TTGTTGTGTGTCAAGA-1_1;3
ACTGTACGATACACAT-1_1;2
TCCACTTTATCTAGGT-1_1;2
GGTCTGAGAATCTGGA-1_1;3
TAGAAAGGTGGCGCTA-1_1;0
TATGTCTCATTGTGCC-1_1;0
GGATTTCACTTCTATA-1_1;3
TGAGTGGTCCGTGACG-1_1;1
CGCTTTCTTGCATTCG-1_1;1
ACCCAACGCCCGTGGC-1_1;0
GAACGTCTCATGGTCG-1_1;0
AGGGTTCCCTTTGGTT-1_1;0
GTAGCTTCCTCTTGTT-1_1;2
GCATGAGGGACGCGGC-1_1;0
CTACCCTAAGGTCATA-1_1;0
TCACCGCTCGGCACTC-1_1;2
GGCTCGCGTTGAGGTA-1_1;0
CTAACGAAACTTGCTG-1_1;0
TTAAACTCGAATTCAT-1_1;0
TACTTTACTGAGCCGG-1_1;3
GCTTGGATCGATTAGG-1_1;2
CGGTTATCCAACAGTG-1_1;3
CAGACCTGTAAGTGTT-1_1;0
GACGGTCAATAGAAGC-1_1;2
CTGACTGCGCAGCTCG-1_1;0
CCATACCTTTACTTGT-1_1;0
GTAATAAAGGGCTCCC-1_1;0
GTGAACTCCCATTCGA-1_1;0
GTGGTTACTTCTTTCG-1_1;0
TCAGAACCTCCACAGG-1_1;0
TCCCACTCTCTTCCGG-1_1;0
ATCTTGACTTGTCCAA-1_1;0
TCGGGAACGTGCCTAG-1_1;0
GTTAGCCGTAAATCAA-1_1;0
ATTTACTAAGTCCATT-1_1;0
GGGTGCATATGAAAGC-1_1;0
TCCGAATGGTCCTGAG-1_1;0
TGATGGCTGTTTCTGA-1_1;1
AAATAAGGTAGTGCCC-1_1;5
CCACTATCCGGGTCAC-1_1;5
ACACCACATAATTAGC-1_1;5
CGCGGTAAGTCTAGCT-1_1;0
GCGGGCATTACGATGC-1_1;4
AGGATTGCTTACGACA-1_1;3
CTCGGGATAACACCTA-1_1;0
GTCGTCTGGTTGGCTA-1_1;3
GCAATTAGTCGCACCG-1_1;0
GTGACCTAAAGAATAA-1_1;0
CTGAGCGAGACTTATT-1_1;0
CAAGACTCAGAAGCGC-1_1;0
ACTTCGCTAGCGAGTG-1_1;2
GGACAAGTTGCAGTGA-1_1;1
GTCCGAGAGCAATCAT-1_1;0
ATGGCAGCCGAGAAAC-1_1;0
CCTCGGATGCTACCTG-1_1;1
ATACGGTGAAGATGCA-1_1;1
ACATCAGCTGGGACGC-1_1;1
GGTTGTGTAGCCTGGC-1_1;1
CCTGCGTTCTACGCTT-1_1;1
GAACGTTAGGAAGACG-1_1;5
CTGATAGTGTATCTCA-1_1;3
TTCTGCGAGCGCCCTT-1_1;1
CTTTGGCGCTTTATAC-1_1;2
TCCGAACTTGGCTTAC-1_1;2
TAGATTCCTGGTTATT-1_1;2
CCGACAAAGGGAGTGC-1_1;0
CCATGGCCCTTGTACC-1_1;4
GAAATATCACCATCAG-1_1;0
ACGAAATGGGCGGCAC-1_1;0
GTGAGCGTGCTGCACT-1_1;4
CCGCGGGTACGAAGAA-1_1;0
TCCCTGGCTCGCTGGA-1_1;2
CAGCTTAGTAGGTAGC-1_1;2
CACGAAAGTTAGTCCC-1_1;0
ACCTAATCGACTTCCT-1_1;4
AAGTAGTGACGCGAGG-1_1;4
TCCGATTACATTGCCG-1_1;1
CCTCCGACAATTCAAG-1_1;0
GTTCACAGGAGTCTAG-1_1;1
CGAAGTTGCTCTGTGT-1_1;2
GTCGGATATCTCAGAC-1_1;4
CGCTCTCCGTAGATTA-1_1;0
CAAGCAACGTCGGAGT-1_1;0
CCATTCCCTGCCCACA-1_1;1
CTTTGGCTTTAGTAAA-1_1;4
GGCTATTAAGTTGTAT-1_1;2
CCATTAGCGATAATCC-1_1;4
TGTTCTTCCATTGACT-1_1;6
AGATAACTTCAGGGCC-1_1;1
ATAGACGAAGAGAAAG-1_1;6
GGCGGAGTAATATTAG-1_1;3
TGACCCACGTTAGACA-1_1;6
TCACAGGTTATTGGGC-1_1;6
TCACGCATTGTAGATC-1_1;6
TTGAAGAATTCCCAGG-1_1;6
AAATGGTCAATGTGCC-1_1;6
TAGTGCCCTCCAGAGT-1_1;3
GGTATTGCCGAGTTTA-1_1;3
CGTATTAAGAGATCTA-1_1;3
ACTGTCCAGGATTATA-1_1;0
CGGGCAGCTAAACCGC-1_1;4
TTGCTGATCATGTTCG-1_1;0
TATGGGTACGTATCGT-1_1;0
CAGCTCACTGAGACAT-1_1;0
GGGACTGCATAGATAG-1_1;3
ACGCATTCGTGAGTAC-1_1;1
CTCTGGACGCCTGGTG-1_1;3
AGGGTTTAGTTCGGGA-1_1;0
GGGAGAACTCACAGTA-1_1;0
ATCAATCTGGGCTGCA-1_1;3
TCTTCGATACCAATAA-1_1;3
ACGTAGATTGCTGATG-1_1;3
TCTTGATGCGTAGCGA-1_1;3
GGGCTGCCTAGGGCGA-1_1;3
CTCTCACAATCGATGA-1_1;6
CCAAGCGTAACTCGTA-1_1;6
ACAACAGCATGAGCTA-1_1;3
GTCCCAACGTAAAGTA-1_1;6
TCGGAGTACATGAGTA-1_1;3
GGGAGTTAATGAGGCG-1_1;0
CCGGGCGGTCTCGTCA-1_1;4
CCGTAAGTTGGTCCCA-1_1;0
GGAGGGCTTGGTTGGC-1_1;1
TCGGACGCCCAGCCCA-1_1;2
TCTGTGCCATCATAGT-1_1;0
GTACTGGAGTTAGACC-1_1;3
GGAATGCGCTAGCGTG-1_1;3
GTGTGAATAACTTAGG-1_1;3
GGTCGGCCAGGAGCTT-1_1;3
TAGCCGGCGGTCAGCG-1_1;3
CGGGTGTACCCATTTA-1_1;3
AGTGATTCAAGCAGGA-1_1;2
GTTGGATTGAGAACAC-1_1;2
CACACGCGCTGTCTTA-1_1;0
TAGACGCCCGTACCGG-1_1;0
GGTTTCAATCGGTCAG-1_1;0
AATCTGCGTTGGGACG-1_1;0
TTACGGATGGTTCGAG-1_1;0
CGGCAGGGTCGGGTTG-1_1;0
GCTTTCAGAGGAGGTG-1_1;2
TCTTCCCATGGGCACA-1_1;2
TACCGCGGACTTGCAG-1_1;2
AGAATTATGGATTCGA-1_1;2
ATTGATGAGTCCTAAC-1_1;0
TAGGTCGCCGGAACTG-1_1;0
TAACCTACCGTCCGAG-1_1;0
CTTAGTAGGCCTACAG-1_1;0
CTAGATGTGAGTGTAA-1_1;0
ACTCCCGAATTCGTTT-1_1;1
GTTCATCGTTTGGCTG-1_1;0
ACTTTACCCTCATGAA-1_1;1
GCGAGAGTTGCGTCCA-1_1;0
GTTCGGGCGTACCATT-1_1;0
CGACTTTGTATAGCCT-1_1;1
GCCATCGATGCTGCAT-1_1;4
GCATTTCCAAGGCTCC-1_1;0
ATGTAAGGCTGCTCTT-1_1;0
ACGTTCGCAATCAATT-1_1;0
GTGACGAGGGTGACCC-1_1;2
ATTATAGCTACTTTAC-1_1;2
CGTGTGTTAAACCCTG-1_1;2
TTGGTATGGCTTGTGT-1_1;0
CATTCCCATTCCGTCG-1_1;2
TGCCGAAAGCGTATTC-1_1;4
CAACACATCTCCTGCC-1_1;3
CTGCCTCATATGCAAC-1_1;0
TCCCGCCTATGTGCGT-1_1;2
GGTTACCCGACACTTT-1_1;2
CCAGCGGGATCACCAG-1_1;2
ATGTTTCGGCCCGGAG-1_1;3
GCGTCTAACCTCCTAA-1_1;3
ATCAGGTAGCTGACAG-1_1;3
CGCCGACTATTCGCTA-1_1;1
TCTGGCGCAAGCCGGG-1_1;0
AGTGGTTGCGTATAGG-1_1;4
ATCGGTTACCTAGTAA-1_1;4
CCTGCCCGTTGTCTAG-1_1;4
GCACACGCCCATGGTC-1_1;4
AGTACGGCCCGTATCG-1_1;2
TATCTAGCCTAAAGGA-1_1;4
CACTCGGTTAGGAGGA-1_1;4
ATGTTCGTCGACCCAC-1_1;4
TTCCTCTGCCCGAATA-1_1;1
TTACTATCGGCTTCTC-1_1;1
GCCGCATTAGTCCGGC-1_1;1
TAAGGGCTGGGAGAGG-1_1;1
TAAGCAGGCGACACGC-1_1;1
AGCACTACCGGCCTGT-1_1;1
GAAAGCCCTTTGGACC-1_1;5
GACCGACTGAAGCGTC-1_1;1
CGGTGAAGACTAAAGT-1_1;4
CCCTGCGCTACGCATA-1_1;1
TACTGGACAGCTCGGC-1_1;0
TTAGTAGGGCGGCGGG-1_1;3
GAGGCTATCAAAGTCG-1_1;0
TTACCATTGATTACCC-1_1;0
ATACCACGGGCAACTT-1_1;0
TGTCCTAAGTCACCGC-1_1;0
AGGTAGGTACAAAGCT-1_1;5
GGCATACAGGTAGCGG-1_1;5
TGTAGTGATCTATAAT-1_1;4
TCCCGGGTGTGCTGCT-1_1;4
TACGATGTTGATCATC-1_1;4
CCTCTCTCCCATCTAG-1_1;0
GCAGGACTATAGAATA-1_1;4
CTAGTGAAGGACAGGA-1_1;4
TACGAGAACTTCACGT-1_1;4
CGTTGTTTCAATTCCC-1_1;1
GCAAATATTACGCTTT-1_1;4
CCAATAGTGCCGTCGA-1_1;1
ATTGCTGCTCCTCCAT-1_1;4
GAGATCTGCTTGGCAT-1_1;4
GCCGAAATTCCTACGT-1_1;3
GGCACTCCACTGGGCA-1_1;4
GGGTCACCGTGACGGT-1_1;4
CACTTAATCAGACGGA-1_1;4
CGTTTCGCTCATTACA-1_1;4
ATAAAGGCTCGGTCGT-1_1;1
CACTAAAGTTGCCTAT-1_1;4
GTGCTCAAGTACTGTC-1_1;1
CCATGCCTGTTTAGTA-1_1;4
TCTAGTTATCAGAAGA-1_1;0
TTGTAATCCGTACTCG-1_1;0
TCCCAGCTTTAGTCTG-1_1;4
CTACGCACGGAGTACC-1_1;0
AAATTAACGGGTAGCT-1_1;4
CGGCCACGCACAAAGT-1_1;0
GAAGCGTGAGGAATTT-1_1;4
ATATCTTAGGGCCTTC-1_1;4
ACGCGGGCCAAGGACA-1_1;4
GCGAGTTCTGCAAAGA-1_1;4
TATTCGTGCCAGAATA-1_1;3
AGGGCTGCAGTTACAG-1_1;4
CTAGCATAGTATAATG-1_1;4
TAGGTTCGAGTTCGTC-1_1;4
GAATTATAGTGAAAGG-1_1;5
CTATCGGGTCTCAACA-1_1;0
GCGCTAATTGAATAGA-1_1;3
ATGCGACAGTCCCATT-1_1;0
GGTAGTGCTCGCACCA-1_1;3
AAGCTCGTGCCAAGTC-1_1;1
TATTCAATTCTAATCC-1_1;0
TTCAAAGTCTCTAGCC-1_1;2
TTGAATATGGACTTTC-1_1;4
AAGAGCTCTTTATCGG-1_1;0
TTACTCCGGCCGGGAA-1_1;0
AAACGAGACGGTTGAT-1_1;3
GCTAAGTAGTTTCTCT-1_1;2
ATAACGCCGGAGGGTC-1_1;3
GGATCCGGAATATACT-1_1;0
TGAAAGGACCTGACTC-1_1;6
TCCGCGGCAGCATCTG-1_1;3
TGCATATGTCTGTCAC-1_1;3
TGTAGGAGAAATTTCC-1_1;1
AGTGAGACTTCCAGTA-1_1;1
CCCAAACATGCTGCTC-1_1;0
GCTTATGAAGCAGGAA-1_1;0
TTCTAACCGAAGCTTA-1_1;0
GGATGTCCTTACCGCA-1_1;1
AGGGTGCTCTCGAGGG-1_1;2
AACTCTCAATAGAGCG-1_1;2
TCTGAATTCCGTACAA-1_1;0
GCGTGGTACTGGGTTA-1_1;2
CGTCGGATAGTGTTGA-1_1;0
ATATGTCTCCCTAGCC-1_1;4
TCTTTAAGACTATGAA-1_1;0
TCATTTAAGTCTCCGA-1_1;0
GATATTGAGATTGGCG-1_1;3
TGACATCGAGCGGACC-1_1;3
GCGTAAATGGCCATAA-1_1;3
ATTGTACAACTCGGCT-1_1;3
TACGCTATAGAAACCT-1_1;3
CACCCAAATCTTATGT-1_1;3
AGATGATGGAGTCTGG-1_1;0
CCACGGTGCCCGGTAG-1_1;0
TCAAGAAATACTAGCT-1_1;0
AGGTATAATTGATAGT-1_1;0
CAAGGTCCTATAGGCT-1_1;0
CCGGCACGACCGTTTC-1_1;0
ACCTCCGTTATTCACC-1_1;0
GCAGCCTATATCACAT-1_1;0
GGTATAGTGACACATA-1_1;5
AAATTCCAGGTCCAAA-1_1;0
TCTTTAGCAGGCGAAC-1_1;2
TATTGACATTTCTGCC-1_1;0
TCTGATCGGGTGCTAG-1_1;2
GGCCCGGAGCATGTCT-1_1;0
GGGCGCAGCGTTACTC-1_1;1
TTGGCGATCCGAATAT-1_1;0
CCACGTAAATTAGACT-1_1;2
TCTGATTGGAAATGGA-1_1;0
ATGGCGGAATAGTCGC-1_1;5
ATCGCTTTACGTCTCA-1_1;0
TACGTGCAAGGTTCCT-1_1;2
CAGGACAGCTGCCCTT-1_1;0
CAAACCAGGTCTGCAT-1_1;1
ACAAGCTATATGGAAG-1_1;4
TCGCCCACTGCGAGAG-1_1;1
AGCCGCAAATTCAAAT-1_1;4
TTAACGTTAAAGCCTG-1_1;1
CAGCGCCAACACGATA-1_1;4
ATCCAATGGTACCGAA-1_1;1
GTGCTGCAGATAAGGA-1_1;0
GGCCTTTGCAACTGGC-1_1;4
GTCGTACCTACGATTG-1_1;0
TAGAAATTCACGTATA-1_1;0
AGAATAAATCTTCAGG-1_1;1
CATTGCGAAATGGGCG-1_1;4
GTCTACTCAATTACAA-1_1;4
TGTAATGACCACAATA-1_1;4
AAAGTCGACCCTCAGT-1_1;1
TACTCGGCACGCCGGG-1_1;1
AGGTGTATCGCCATGA-1_1;6
TGTGCTTTACGTAAGA-1_1;1
AAACCTCATGAAGTTG-1_1;6
TATAGGGTACTCATGA-1_1;5
CCAGCTGATGGTACTT-1_1;6
AATATTGGAGTATTGA-1_1;5
GGCCCTCACCCACTTA-1_1;6
AACCAAGACTTCTCTG-1_1;5
TCGTATTACCCATTGC-1_1;6
ATTCGACGCCGGGCCT-1_1;1
GGCGCAGGACATCTTC-1_1;1
GTACTCCCTTATCGCT-1_1;1
TGGTCTGTTGGGCGTA-1_1;1
AATAACAACGCTCGGC-1_1;5
CATACCCGTACCCAGT-1_1;1
ACAATCCATTTAAACC-1_1;5
GTTACAATTGGTGACG-1_1;3
TTGCCCTGATCACGGG-1_1;0
CTAACCGCGCGCCCGT-1_1;0
CTAAAGAATGCCTACT-1_1;2
ACCCATCTTGAGGGTA-1_1;0
GATCTTTGCAGGGTAT-1_1;0
GGGTACTTCATGAACT-1_1;0
GCCGCTTGTGAGAAAC-1_1;0
CCTGTAAGACATGATA-1_1;0
CGACAGTTCGCGTTAT-1_1;0
ACGATGCATATGTTAT-1_1;0
TGTTCCGCTTCCATGA-1_1;0
GGATGACGCGAGTTTA-1_1;1
GAAGTTTCCACTCAAT-1_1;0
GCGAGGCCCGAGCAGA-1_1;1
CATACTATGTAATTGT-1_1;4
CCAATGTCACAGCAAG-1_1;4
GTTGGATTTGCGTTGG-1_1;4
GGGAGGATGCCCGAAA-1_1;5
GATCGCGGGCTCTCCA-1_1;5
GTTCGCCATAAGTGCC-1_1;5
AGATTATAGGACGTTT-1_1;1
TCGAGACCAACACCGT-1_1;5
TATGGGACCGAGCAGG-1_1;0
GATGCGTCCTGCATTC-1_1;1
TATGGTCTGAGTAACA-1_1;1
GCATAGAGCACTCAGG-1_1;1
CTTCATTGTCAGTGGA-1_1;1
GCAGATTAGGGATATC-1_1;5
CCTGTCGCCCGTAAAT-1_1;4
CAATTTCGTATAAGGG-1_1;5
GTACACTTACCTGAAG-1_1;4
CCAGCCTGGACCAATA-1_1;0
ATGGAGCAGGCCGTGA-1_1;4
GTCATTAGAGCGAACG-1_1;0
AAGACTGCAAGCTACT-1_1;0
CTAGTCACGTCTTAAG-1_1;1
ACTCTTGTATAGTAAC-1_1;4
TTCGGGACTAATCGCG-1_1;2
TGGACTGTTCGCTCAA-1_1;3
AACGTGCGAAAGTCTC-1_1;3
CCACCCAAGGAAAGTG-1_1;0
CCGCACAAAGACCAAC-1_1;3
GCGATTGTTAACGTTA-1_1;0
ACTCGTCAGTAATCCC-1_1;0
GGTGATAAGGAGCAGT-1_1;0
AAGAGGCATGGATCGC-1_1;2
CACGTTCGTGCTCTAG-1_1;2
CTATTTGGTTACGGAT-1_1;3
GTACAGAGGCAAGGGT-1_1;3
GGGCCGGCCGAAGTAC-1_1;3
CCTGAACGATATATTC-1_1;3
CCGGGCTGCTCCATAC-1_1;2
TACTTGTTAGTAGTCC-1_1;0
CCTAGGCGTAGCGATC-1_1;0
CTGGCGCACAGGTCTG-1_1;2
ACTTATACTTACCCGG-1_1;2
GAAGTCTCCCTAGCGA-1_1;3
ACCGATGGTAGCATCG-1_1;2
CGAGTTTATCGGACTG-1_1;2
CATAACGGACAGTCGT-1_1;2
TGACGATGCACTAGAA-1_1;0
TAGGGAGCTTGGGATG-1_1;0
AGGGTCGATGCGAACT-1_1;0
TATATCCCTGGGAGGA-1_1;0
CATCTTACACCACCTC-1_1;0
GTGCGACAGGGAGTGT-1_1;1
CCGATCTCAACCTTAT-1_1;0
ACGATCATCTTGTAAA-1_1;6
GAAAGAACAGCGTTAT-1_1;3
CTAGGTCTGAAGGAAT-1_1;3
ATATCAACCTACAGAG-1_1;1
AAATAGCTTAGACTTT-1_1;3
GCGACATGTAAACATC-1_1;3
ATAAGTAGGGCGACTC-1_1;3
GCGAGCGCATGCTCCC-1_1;3
AGGGACCGGCTGCGTT-1_1;2
CCTATGAAGTGGTGCC-1_1;0
GCTTACGTAGTTAGTA-1_1;0
CATACTTAGGCAATAC-1_1;2
CCTGTCCCTCACGTTA-1_1;0
CAATGTGCCAACCCTT-1_1;0
GTTAAGTTAGAGTGGG-1_1;0
CTGGGATACGCTACCC-1_1;0
AACCTGTCACGGAATT-1_1;0
ACTGCGGACACACCGT-1_1;0
CCGTGAGGCATTCATG-1_1;0
GCCCAGATGCTGGAGA-1_1;0
TCTGGCCGTTCAAGTT-1_1;2
GATCCGAATATAAGTG-1_1;0
GTGGAGCATGTCGGCC-1_1;2
ACTCTTCAGCTCCCGC-1_1;1
CCCGATAGCCTCGCCT-1_1;0
ACAGGTGTGTTGTTGC-1_1;4
TGAACTGCTATGACTT-1_1;0
TGACATATATGACGAT-1_1;0
AAGTCTTCTGTGGCCT-1_1;2
ACCAGACCATAACAAC-1_1;4
TGAGACGTACCTCTCA-1_1;0
GACCGTTACATGCGAC-1_1;1
GGTTCGGATTATACTA-1_1;4
CCTCCTGAGCCCACAT-1_1;2
CCGCGATTTGGTAGGT-1_1;4
AATCTCTACTGTGGTT-1_1;0
ACTTTGACTGCATCCT-1_1;1
CCCTGACTAACAAATT-1_1;4
ACGCTGTGAGGCGTAG-1_1;6
GCATACGAGGTCTTTA-1_1;6
TCGGGATTCAAACATA-1_1;6
GGGCCCTACGAAAGGG-1_1;6
CGCCAAGAAGCCGAGT-1_1;6
GGTACATCTGGGACGA-1_1;6
GGATGCTGGCGTTCCT-1_1;6
CCGATTCGAGGGACCC-1_1;6
CCACTGGTGGCTGGTT-1_1;6
GACAGGCACACACTAT-1_1;6
TCAACGCGACCGGCAG-1_1;4
CTACGACTAGCTATAA-1_1;6
CGGTTGACCTGGCATA-1_1;4
ATCCTGAATCGCTGCG-1_1;6
GTTTCATATCGTCGCT-1_1;4
ATAAATATTAGCAGCT-1_1;1
AAGAGGATGTACGCGA-1_1;4
TCCTGCGTTGATACTC-1_1;0
CGTGCATTGTCGACGC-1_1;0
CCGGGTTCGAGGTTAC-1_1;0
CCCAATTTCACAACTT-1_1;0
TGATTTATTAGCTGTG-1_1;4
TGGAAGAAGGGAACGT-1_1;0
GACGCTTGCTTCTAAA-1_1;0
GGGAACGGGAGGTTAG-1_1;1
GCGGCTCTGACGTACC-1_1;0
ACGTTAGATTTGCCCG-1_1;2
GAGAGGGCGCGAGGTT-1_1;5
GCGTCTCTGCATTGGG-1_1;2
GCAGCACACAGCCCAG-1_1;1
CAGGCCGTTTGGGTGT-1_1;2
AACTCAAGTTAATTGC-1_1;1
CTTCGTAGATAGGTGA-1_1;0
TGCAGAGTACCGAGCA-1_1;1
GAAGTGATTTATCGTG-1_1;1
CGCTACGGGACATTTA-1_1;1
CCACACTGAGATATTA-1_1;2
CGATCCGACCCAGTGC-1_1;1
CTGTACTTCTTAGCAT-1_1;2
ACTTATTAGGATCGGT-1_1;5
TAGTCCGCAGAGAATG-1_1;0
TTCACGAAAGGATCAC-1_1;5
TACATTTCTAACGTGC-1_1;1
ACCATATCCGCAATAA-1_1;1
CACTCAAGAGCTATGG-1_1;1
TGTACGAACAAATCCG-1_1;1
ATCATCCAATATTTGT-1_1;3
CGCTATTCTTAGGCTC-1_1;1
TGGCAGCAGTAATAGT-1_1;2
TCACGTGCCCGATTCA-1_1;0
CATACGGCGTCTGGGC-1_1;0
CACATGATTCAGCAAC-1_1;0
GCTAGTAGAGCTTGTA-1_1;0
TGCTGTTGAAGAACTC-1_1;0
CGGAGCATGGCGATCC-1_1;0
TAGCGTTGGGTCTTAC-1_1;1
GTAGCGGCTATACACT-1_1;0
TAACATACAATGTGGG-1_1;1
TCTTCGAATAGACGTT-1_1;1
GATCGTGACTGATATC-1_1;1
GATCCGGGAATTAACA-1_1;1
TTATATACGCTGTCAC-1_1;0
AGCTCTAGACGTTCCA-1_1;0
GTCAAGCGGACTCGGG-1_1;0
CGAGGGACTGCGGTCG-1_1;0
AATCGCCTCAGCGCCA-1_1;0
CTTGTTGCTGAGTCAA-1_1;2
GATATGAGACACTAAC-1_1;0
TTATGATCTTAACGAA-1_1;2
CGCCGCCCATGCCTGT-1_1;0
CTGGGATAAATAATGG-1_1;0
GTGCCCGTTCGGATTC-1_1;3
TTCAATACTCTGAATC-1_1;0
CGCACATGTCCACTAC-1_1;0
GATAACTCGCACTGTG-1_1;0
AGTCGACGGTCTCAAG-1_1;0
GTGACCGCACACTACG-1_1;2
GTATGTGGGTCTAGTT-1_1;1
CTTGAGTTAGGGTAAT-1_1;2
TTAGCTGATTTGCCGT-1_1;2
GCTGTTGCTACCGAAC-1_1;3
TATTACCATCCTGCTT-1_1;3
TTGAATTCACGTGAGG-1_1;3
CCATCTCACCAGTGAA-1_1;3
CGCACGTGCGCTATCA-1_1;2
ACCCGGATGACGCATC-1_1;2
CGCTAGAGACCGCTGC-1_1;3
ATAGTTCCACCCACTC-1_1;0
GCAGACCCAGCACGTA-1_1;5
TAGACTACCTAGCGTT-1_1;2
GGTTCTACTCGTCTGA-1_1;2
GACTCACCCACGTGAG-1_1;3
AGCTCTTCGTAACCTT-1_1;0
ACTATCCAGGGCATGG-1_1;2
AAGGATCGATCGCTTG-1_1;1
ATATCGGTAGGGAGAT-1_1;0
TTCCAGACGAGATTTA-1_1;2
GACCGACGTGAAAGCA-1_1;1
CCTGGAAACGTTCTGC-1_1;3
CCGGTAATGGCTAGTC-1_1;3
GCCGTGGAAGAAATGT-1_1;2
GTCTTGAGGAGCAGTG-1_1;0
TCCCAAAGCCCTAAAT-1_1;2
TTGAGCGCCACGTGAT-1_1;0
TTGAGTCCCGCTGCTG-1_1;2
ATGGAACCTTTGCACA-1_1;2
GCTAGCACCTGGGCCA-1_1;0
CGCCGTCTACCCATCG-1_1;0
GATAGGTGTCCCGGGC-1_1;0
AGGTATGCGGACATTA-1_1;2
TTGGTTCGCTCAAAGG-1_1;2
TGCCTAAATTTAATAG-1_1;2
TAATTTCCGTCCAGTA-1_1;2
TCCTTCAATCCCTACG-1_1;0
TACCTATCCCTAGAGG-1_1;2
GCATGGGTACTGACGC-1_1;0
GTCGGGAACATGGTAG-1_1;0
GCAAATGAGGACACTT-1_1;1
GAATGGGCTTATCGAC-1_1;1
TGGTCGTGCAAGGCAA-1_1;1
CACCACGCCACACAGA-1_1;1
GAACCTCGACCTACAC-1_1;1
CAATACGCTCTGAGGC-1_1;6
TGGTAAGCAGGATTGA-1_1;1
AGTGGCTCCGTCGGCC-1_1;6
GATCGGATAGAACCAT-1_1;6
GCTACAGTACGGACCG-1_1;6
TCTATTACTAGAGGAT-1_1;6
TTCAGGCGTCAAAGCC-1_1;6
AGACCGGGAAACCCTG-1_1;3
AGAGATCTCTAAAGCG-1_1;6
CCCTGCCCAATCCGCT-1_1;0
GTGGCGGTCCCAGCGT-1_1;4
GCATTGTAATTCATAT-1_1;4
CCGTTCCGAATCTCGG-1_1;4
AGCTTGATCTTAACTT-1_1;0
CCTGTACTCACGCCCA-1_1;4
AAGTGACGACCGAATT-1_1;4
CTCACTTGGCTGGTAA-1_1;4
CGCCTGGCCTACGTAA-1_1;0
CCCGTAAGTCTAGGCC-1_1;4
TTGGACATGTGGCTTA-1_1;0
ATTACGCGCTGGCAGG-1_1;4
ACGCGCTACACAGGGT-1_1;0
TACGTTTACCGGCAAT-1_1;0
CGAAACGCAATTCATG-1_1;0
TAGTCTAACAACGAGA-1_1;1
TTGCATGCTGATCACG-1_1;0
TCTGGGTAGCGCTCAT-1_1;1
ACATCGGTCAGCCGCG-1_1;3
AGATACCGGTGTTCAC-1_1;1
GATTACTGAATTTGGG-1_1;3
TCCAACTTTAAATTCT-1_1;2
TCCTAGCAAAGAAGCT-1_1;1
GTCTATCTGAGTTTCT-1_1;3
GATGTTCAATCCACGA-1_1;0
AGTTAAACACTTGCGA-1_1;0
AGCTCTTTACTCAGTT-1_1;0
ATCCAGGATTCGTGAA-1_1;1
AGTCAACACCACCATC-1_1;0
CGATACCTCGCGGACA-1_1;2
TACAACGCACAACTCA-1_1;0
AATTAAAGGTCGGCGT-1_1;0
TACGCAGTTCTTTCCT-1_1;0
GACCGTGCTGACGGTG-1_1;0
GGCAAATTACTTTACT-1_1;2
GGTACAAACATGCTAT-1_1;1
CGGGCCTTCTTTGTAA-1_1;3
CGTGAAGTTAATTCAC-1_1;2
ATAGTGAAGCGTTCTC-1_1;3
TACGCCATATTCTAAT-1_1;3
GCCGGGTTAGGGTCGC-1_1;1
TACATAGGCATACACC-1_1;3
GCCGATTGGCCAAGCT-1_1;3
CTGCCATGCATCACAT-1_1;2
TTATGAATGAAAGGGA-1_1;2
GCTGAGGCGTGAGTAT-1_1;0
GCGCCGTTCCACGATA-1_1;1
CGCATGGTGCGATGCT-1_1;0
AGGTTTCACACACCTT-1_1;3
CAAGGATCGCATGTTC-1_1;4
ACGTTAATGTCGAAGA-1_1;2
TCCAGAGCACCGGTTC-1_1;0
GATTCGACGGTTCACG-1_1;0
GTTTCTGCAGTCTCCC-1_1;1
GCTGCACGGTTTCTTA-1_1;3
CGTGCAGACTGGGACA-1_1;0
GTGTTACTATGCGTCC-1_1;2
TCCTCGGGCTGGGCTT-1_1;3
GTGAGGACACTTAAGG-1_1;3
ATACGCCGGCGAAACC-1_1;0
TCTGCCAGAAACTGCA-1_1;2
TTCTGCGGGTTAGCGG-1_1;0
CTCGGTACCACTGCTC-1_1;3
GTAAGTAACAGTCTGG-1_1;0
GTGCGTGTATATGAGC-1_1;2
ATTTGTCTTGGGAGCT-1_1;2
CCTCGGACCGGGATAG-1_1;0
TAGGTGCTCGCCTAGC-1_1;2
CTTTAGGAACACTGTT-1_1;0
TCGGGCCGTCGTGGTA-1_1;0
AGTGCTTGCACGAATA-1_1;2
TGCAGTTTCCTCCCAT-1_1;3
TGAGAGATTTACCACG-1_1;0
GAAACAGATGACCACC-1_1;1
AGCAACATATCTTATT-1_1;3
CAAGTGTGGTTGCAAA-1_1;2
GCCTCATCTGGAAATA-1_1;2
AACCCTACTGTCAATA-1_1;2
ACGTATTACTCCGATC-1_1;2
TCTGGGAACCTTTGAA-1_1;2
GCTCGCTCATGTCCAA-1_1;2
GCGCAAGAGCGCGCTG-1_1;3
TTGACGCTCCATGAGC-1_1;2
TATAGATGGTCGCAGT-1_1;3
TTACATGCCACAACTA-1_1;3
ACATGGCGCCAAAGTA-1_1;3
TATGGTTAGTGGGAGA-1_1;3
CATGACTTCGCTGAAT-1_1;2
ACCACCAATGTAACAA-1_1;3
TCTTAGAGCTCCAATT-1_1;0
CCACGAATTTAACCTC-1_1;3
TTCTTGCTAGCATCTC-1_1;3
ACACCTTACTACTTGC-1_1;3
AGTCGGTTGCGTGAGA-1_1;3
ACCTACAGTATGTGGT-1_1;3
GAGGATAAACAGTGCT-1_1;6
TTCCGGTATCTGTGTC-1_1;2
GGAGGCCGAAGTCGTC-1_1;5
TTCGCTAGGAAGTTGT-1_1;2
TAAAGACAACCCTTTA-1_1;0
GTTGCGCTAACATTAC-1_1;2
GCTGAACTCTCCAGGG-1_1;2
AGCCCTGTCGCACCGT-1_1;2
AGCGCTAGAGCGATGT-1_1;0
TGCGCCGTTAATAACG-1_1;0
TGACAACGCATGTCGC-1_1;0
CGTCTTGAGTGTGACG-1_1;5
GATAGGATTAATTACA-1_1;3
GATACCGTGTCGGAGT-1_1;2
TGTGTCGAAGTCGAGG-1_1;5
GGATCAGAGCCATCAG-1_1;0
GTCCCAATCATCCCGC-1_1;3
TGCCACACTAGAGGAA-1_1;1
TGAATTTCACTTGCCT-1_1;1
CTCAGATTGTGATAAG-1_1;1
CGGACGTTACTTGAAG-1_1;1
CCGCCTTGCGATGTCG-1_1;6
CCAGTCAAATCTCTTA-1_1;1
AAACAGCTTTCAGAAG-1_1;6
TAGCTGATGTGAAGCG-1_1;0
CTTATGCGCTCAGGGC-1_1;0
TGGCTCTTGTCGCGTA-1_1;5
TTGTGAGGCATGACGC-1_1;0
CATAAGCTCTCCGTCT-1_1;1
CCTTCTCAGCGTTCCT-1_1;0
TGCAGCTACGTACTTC-1_1;3
CTCTACACTGGCGATT-1_1;0
TGCAGATCGTCCTAGG-1_1;0
TGCCAAAGTCAGACTT-1_1;5
ACAATAGTCGTACGTT-1_1;4
CATGCCAACTCGCAAA-1_1;4
TGCAGAACTATATCGT-1_1;4
TCGTGTCACGCTGACA-1_1;0
TGATCAGGGAACTGCT-1_1;0
CTTGCAACCGCCTCCT-1_1;2
AGCCCATACATGTAAG-1_1;0
ATCCAATGGAGGGTCC-1_1;3
AAACCGGGTAGGTACC-1_1;0
GCAACCACGGCCGCGT-1_1;1
CGCTTATTCCCGGTCG-1_1;0
TTACTCTGGTACGTAC-1_1;0
GTGGTTTCCGCCTTTC-1_1;1
ATAGGCGGCTATAGAA-1_1;5
GTGCCATCACACGGTG-1_1;1
CCCAACATACGTCGCG-1_1;3
CGGTGCAGATAGAACG-1_1;0
GGGCGGGTTCCCTACG-1_1;2
TGAGCCATACAGTCTC-1_1;3
CTCCGCCCACATGAGG-1_1;3
GTTGAACCGGTTCCAT-1_1;5
TTGACTACCATATGGT-1_1;5
ACCATCGTATATGGTA-1_1;1
TGCGTAAGAACCTGAT-1_1;5
AGAAGGTTGCCGAATT-1_1;1
AGGACGACCCATTAGA-1_1;3
GGTGCTGGTACACATT-1_1;1
GCGCTATGCCGAGGCA-1_1;2
ACCCGGTTACACTTCC-1_1;0
TAACTCATCCGCGCGG-1_1;0
CACAATGAGCTGCTAT-1_1;0
GTTACTTTGGGCCTAG-1_1;0
GGGCCCGTCTTAAACA-1_1;2
GAAATTGTCTCTATAA-1_1;2
GGCGCATGAATTGATG-1_1;3
CATATAGGTACAGTCA-1_1;2
TCAACGAGGAGACAAA-1_1;3
TTGCACAATTCAGAAA-1_1;0
CATCGGACGGGTTAAT-1_1;2
ATTAAACATGCGGACC-1_1;3
TATCTACCACAGCGGG-1_1;3
CGAGACCCTAGAGTGT-1_1;0
ACATCGATCGTTTACC-1_1;3
ATCGACCCAATACAGA-1_1;3
GAATCTGAACATTCTC-1_1;3
AGTTCCTATTTATGTT-1_1;3
CAGTCTGTATACTGGG-1_1;3
GGAGACGACACCTTTG-1_1;3
CCTAAATTAACGGTTC-1_1;2
GCTACGACTTATTGGG-1_1;0
CTGTGCAGGGTAGGTC-1_1;4
ACGCCGCTAGACGACC-1_1;4
ACTTGACTCCCTCTTT-1_1;4
CGCCTCCCTCCTCTAT-1_1;0
CTAGATTTACGACGGC-1_1;0
GATGCTGTATTTCATC-1_1;0
TGCGTTTGTTGACACT-1_1;0
CGTGCCCTCCCGAAGA-1_1;5
ACTCTCTGACTTAGGT-1_1;3
CTGGGTAGGCAGTTAA-1_1;3
GTTTGGCCCAAGTTAT-1_1;2
GAATGTGGTCCGGATT-1_1;3
CCCAGTTAAGGCGCCG-1_1;3
CGGTACTAGAATCAAA-1_1;0
GCTTAATGTAACTAAC-1_1;0
AGGACAGTCGAATCCC-1_1;2
GACAGCCAGACCTGAC-1_1;0
GGCGAAATCTAACTTG-1_1;0
CTGGTAACACATAGAA-1_1;0
TAGCCATTTCAAAGTC-1_1;0
GGGATTTACCGCACCT-1_1;0
ATGCCATTTGCGACCA-1_1;2
GAATAGACGCGACCCA-1_1;3
TGTATGGCGCAGACAG-1_1;0
GGATGAAGATCGCTGA-1_1;2
CGACAATTTGATCTAA-1_1;0
AAAGTTGACTCCCGTA-1_1;0
CGCGGCTCAACTTGAA-1_1;0
CACGCGGAACTGTTGC-1_1;3
TCTTAGAGTGAACTCT-1_1;2
AGTCCATTGGCTGATG-1_1;2
TTAAGATAGGATTGAC-1_1;0
ACATCCTGGTAACTGT-1_1;0
CACCTTGGCGCCTTTG-1_1;0
GCTAGACCGTCTACTG-1_1;2
CGGCCCAGGTATATCC-1_1;0
GTCCATTACTGCTACG-1_1;3
GGGTTTAGGATAGGAT-1_1;0
TAATTAGGACATCCGT-1_1;0
GCTCCCAGTCGGTCCA-1_1;0
ATTCGTGCTATCTCTT-1_1;3
GTTAACTATGTTGTCA-1_1;3
GCTCCGCTCGCTTCAG-1_1;3
GCAACGGCTAGTTATG-1_1;2
AATCGCGCAGAGGACT-1_1;5
AGGTTACACCATGCCG-1_1;0
CGAGATTTCGCTCGGG-1_1;5
CGATAATACTCAGGTT-1_1;0
AAGGCAGGCTGTCTCC-1_1;2
GTAAGTCCACACTCTA-1_1;2
ATGAGGGCAGCGGCTA-1_1;3
GCCGCACTCCGTTTCA-1_1;2
GAGCACGGCGCCTCTT-1_1;0
ACAATTTGGCCATATT-1_1;1
CTGGTTCGCGAGCTAC-1_1;0
GACGGTCCTAGGGTGT-1_1;2
ACTCGCGATCTGACGC-1_1;2
GTGTACGAACCGTTCC-1_1;3
CTTTGACGTCGCTTCT-1_1;5
CGTTATCATACTTCCA-1_1;6
GCTATGCCAGCTTATG-1_1;6
CAGTCGGCCTAGATAT-1_1;6
CCCGTGAGGGCGGTGA-1_1;1
TCTCGTGTTACGAGGA-1_1;1
ACGTCTCGTTCCGGGA-1_1;1
CGAGAGCGCGTAGATA-1_1;1
GACAGATTTCTGGCTC-1_1;1
GGGCCTAAATGGGCTA-1_1;4
ACTTGTAGTCCCTTCA-1_1;3
CCCGAAGTTTCGCGAA-1_1;4
ACCATCCGCCAACTAG-1_1;4
TGCGAATATGGGATTT-1_1;2
TACATCCCTATCCCTG-1_1;0
GTGGGAAGACTGAATC-1_1;2
TCAACATCGACCGAGA-1_1;0
CTATGTGAGTCACGGC-1_1;0
CCGAACACTGGGCCTC-1_1;0
AAACTTGCAAACGTAT-1_1;4
AGGGCGAGCAGCTGAT-1_1;0
AACACGAGACGCGGCC-1_1;0
TGACGAATATTTCCCT-1_1;0
TCGGAGAGTATCGGGA-1_1;2
CAAATCTCTCACAAGG-1_1;0
AGGCCCTAGAACGCCA-1_1;0
TAGAGATCATGCAACT-1_1;0
TTGTTTCCATACAACT-1_1;2
GAGAGGTGCATTCTGG-1_1;0
GTGGACCAACCCGATT-1_1;2
CTGGGCCTGCTATATC-1_1;1
CATAGTCCACAAGAAC-1_1;3
TTGACATGAACGTGGA-1_1;1
GGTTACCACCCTCGGG-1_1;3
CGAGTACTAAAGAGGA-1_1;3
GCAAGAATTCCTTGGC-1_1;2
TCGCCGAAGTTGCGTC-1_1;2
TTGAGAGTACTGCTAA-1_1;3
GCCACAATTTAAGGAC-1_1;3
ATATTCAGTTAAACCT-1_1;3
TGAGTGCCTCTTAAAT-1_1;3
ATCAGACGGCACGCCG-1_1;3
GTGCGAAATCGAACAC-1_1;3
GTGCCGCTTCAAAGGT-1_1;3
GATACGATGGGAGTCA-1_1;2
GACACTGAGTTCAGTG-1_1;2
ATCCTGCGTGGAATGG-1_1;2
ATCCTACCTAAGCTCT-1_1;2
AGTGATATGAGTAGTT-1_1;1
ATGATGCAATGGTACA-1_1;5
GAAACCGAATTACCTT-1_1;5
AGTGACCTACTTTACG-1_1;1
CAAATGTCCTTCCGTG-1_1;5
TTACTGGGATATTTCA-1_1;4
CTTGCCCAGGCTCTAC-1_1;0
AAATCGTGTACCACAA-1_1;1
GTGATCATAGATCTGC-1_1;2
TGGCAGATTACGATCA-1_1;2
TCACCCTCTTAAGATT-1_1;2
CAGGATATATCGTTGT-1_1;2
CCTGACCACCGATGGT-1_1;2
CTAAAGGGAAATAGGA-1_1;0
CCGCTATCAGCACCAG-1_1;0
CTTTAGTGCTATTATT-1_1;2
CGGGAATTTATGTAAA-1_1;1
TACGACTGCCTCTTAG-1_1;2
AAACTGCTGGCTCCAA-1_1;0
GTACGTTTGCCCGTCA-1_1;0
GGCAAGGCGAAATAGC-1_1;0
GATCTTGGAGGGCATA-1_1;0
AGCGTGGTATTCTACT-1_1;0
CTAAGGGAATGATTGG-1_1;0
CATGGTAAGTAGCGTT-1_1;4
CGTTGAGCGACCGTCG-1_1;0
TGCCCGTACCGTTAAA-1_1;0
ACAAGGGCAGGCTCTG-1_1;0
GAGATCTTCCATGACA-1_1;0
AATGACGTAGGATGTC-1_1;0
GTGGTGGCCAAGTGAA-1_1;0
TCCCGTGTGCAATTTG-1_1;3
ACATCGTATGCAATGG-1_1;1
GCGAAACTTAACTGGA-1_1;0
AATTGAACGCTCTGGT-1_1;5
ACAAATGGTAGTGTTT-1_1;3
ATGGTCGCGTGGTTTC-1_1;2
TGTTATTGTATGTGGC-1_1;1
TTCCGGTTACCCACTT-1_1;2
GAGTGTGCGGTACCCA-1_1;0
CAAGATATTATAACGT-1_1;0
ACACACCAGGACCAGT-1_1;0
ATGGGCCTCGGCCTCT-1_1;0
AAGGTGATAAACCAGC-1_1;0
TCTTACTTATGCCTCT-1_1;0
AAAGTGTGATTTATCT-1_1;0
TGCTCCACAGTTCTTA-1_1;0
CTGGCTGATTCATCCT-1_1;0
TAAGGCTGAATCCCTC-1_1;1
TCTAGTGATATCGTGG-1_1;0
TCGAAGAACCGAGCAC-1_1;0
GACAAACATATGCAGG-1_1;0
AAGTCAATTGTCGTCA-1_1;0
AGTGAACAAACTTCTC-1_1;0
CATGATGGAAGTTAGC-1_1;0
AAGTGCCTTGACTGTA-1_1;0
ATCGCCAGTCAACATT-1_1;0
ACCGCGGTGGAAGTCG-1_1;0
TTGCCAAGCAGAACCC-1_1;2
AAACCCGAACGAAATC-1_1;0
TTGAGCAGCCCACGGT-1_1;0
CGCCTTTAGCATGCTC-1_1;0
TGTGGCTCCCACCAAC-1_1;0
CCGCCGTTGAGGATAA-1_1;0
CAATACGAGAGTCTGA-1_1;0
CATCTAGTGAAGGGAA-1_1;0
GGTGGAGGTTGATACG-1_1;0
CCGCACACGAACGTGT-1_1;0
AGAACCCAGCGTGACA-1_1;1
GCGCTCGATCACCTGT-1_1;2
ATCATGGACTACCGAC-1_1;3
TACGCCGCCTCAGAAG-1_1;3
CGACCTACTAGACAAT-1_1;1
GAGTCTTGTAAAGGAC-1_1;1
AATATCCTAGCAAACT-1_1;6
CCCTAGGCAACAAGAG-1_1;6
ACAAAGAAGGTAGGCC-1_1;1
CCCTGGCTGTTCCTTC-1_1;6
TCGCCGCACCGCGTGA-1_1;1
TATAGCGCACGTTATC-1_1;4
TTATCTGACATTAGGA-1_1;1
AGTGGTGTTACCCGTG-1_1;4
GCCAAGAATACTTCTG-1_1;4
CCGGCGTGAGACTCTG-1_1;4
TTCCCGGCGCCAATAG-1_1;4
AAACAGGGTCTATATT-1_1;5
ACAGTAATACAACTTG-1_1;5
CGAACGGCCGGACAAC-1_1;5
GCAACACACTAGAACT-1_1;5
ACTCCCATTCCTAAAG-1_1;0
ACCTGCGTGTCATGTT-1_1;0
TACTTTCCGCACGCCA-1_1;0
AGGTCAGGTGAGAGTG-1_1;5
TCCTCCTAAGACATTC-1_1;5
ATGTGAAAGCCTAATG-1_1;5
AGTCGGCTCAACTTTA-1_1;3
CGATCTGTTGGAGGAC-1_1;5
ACGGGAGTGTCGGCCC-1_1;1
TTAACTTCAGGTAGGA-1_1;4
CCACGGAGCCATAAGA-1_1;0
CTTCTATGTTGAAGTA-1_1;1
CACCGTTGCGCGATAT-1_1;1
TCTAGCAATCTCCGCC-1_1;1
AGTTTGGCCAGACCTA-1_1;0
TTGTAAGGACCTAAGT-1_1;3
AAATTTGCGGGTGTGG-1_1;2
AAGTTCGGCCAACAGG-1_1;3
CCGCTTACCTCACTCT-1_1;3
ATCACGTGCTAATTAA-1_1;3
GGTGAAGTACAGGGAT-1_1;2
GCTGTATTACTGGCCC-1_1;3
AACGGCCATCTCCGGT-1_1;2
TAAGTAACATCTTGAC-1_1;2
TTCTTGAGCCGCGCTA-1_1;2
AGTGCGTAGCTCGTAA-1_1;2
GGGATGGTCGTAACCG-1_1;1
GTCTGGGCGGTCGAGA-1_1;2
CGGAACGTAAACATAG-1_1;1
TGCGACACCCTAGTGC-1_1;2
CAAACGAGTATCGCAG-1_1;3
TCAGTAGGGACTATAA-1_1;2
GCGGTTCCCTATCATG-1_1;3
GTGACTTCAGTAGTGC-1_1;3
CGTCACGTCCATTGGT-1_1;3
ATAAGTTACCGCGACG-1_1;3
CTGAATCCGAGACCTC-1_1;3
TACGACGCTTGCTGCG-1_1;2
GAATTCACCCGGGTGT-1_1;0
GGGTGACACCTTAACT-1_1;0
TGAGTAAATTAGCGTA-1_1;1
GAGTCCGCTTACCGGA-1_1;4
GGCGCGTTCGAGTTTA-1_1;0
ATTCATATACTGTCCA-1_1;3
ATAAACGGACCCGTAA-1_1;3
GTCGTACCATCTCGGG-1_1;3
ATAATAGCTGTTGAAT-1_1;0
TTCCGCGTGAGGCGAT-1_1;4
TACCGGCTCACTGCCC-1_1;0
GTATCTTTCATAACCA-1_1;4
GTTACCTACAACTTGC-1_1;0
TGACTATAATCCTTTC-1_1;0
AAATACCTATAAGCAT-1_1;0
TTATTAGAGCGTGTTC-1_1;0
ATGTGGACATCTTGAT-1_1;0
GTACGCTTCATTGCAC-1_1;3
CACATATTAGCAGGAT-1_1;3
CAAGAGGGCGGAGTAC-1_1;0
TCGCAAAGATGCATTT-1_1;3
GTCGTTATTCGCTTAT-1_1;0
GCGGAGAGGGAGAACG-1_1;3
TCACAGGGAATCGCAA-1_1;3
GACTGCACCAGCCCAG-1_1;2
TCCGCTGTCATCCCGG-1_1;3
AGATACTCAAGATCGA-1_1;2
ACTGAATGGCGAAAGT-1_1;3
TCCTACATCCACGGCC-1_1;3
TTCAGCCCTGGTCCAC-1_1;3
TTAGAGTTTAGAAGGA-1_1;5
GGTTAGCTATATGTCT-1_1;0
CTGGTTTCGAGCAAGA-1_1;0
TGGGCCCATACTAATT-1_1;0
ACTTATTTATGTGCCA-1_1;0
TTAGTTATTCGTGGCA-1_1;5
AACCGCTAAGGGATGC-1_1;0
TCTGAACTCGTACCCG-1_1;2
AGGATATAGGGATTTA-1_1;1
GTGATCACTAACGCCT-1_1;1
ACCGGGCCTTTGTTGA-1_1;1
TTGACAGGAGCTCCCG-1_1;1
CTCTTCTATTGACTGG-1_1;1
CGTGGCCGAATATCTA-1_1;2
GGTTTAGCCTTTCTTG-1_1;0
TTGACTATTGTCCGGC-1_1;1
GCACAAACGAGGCGTG-1_1;0
GTGCTTACATCAGCGC-1_1;0
GCAAACGTCGCCAGGT-1_1;0
GAATAGCATTTAGGGT-1_1;0
TACTGTTTCTCTGGTA-1_1;0
TCCTATCATAGGTAAC-1_1;0
TTCGGTGGAGACGCCC-1_1;0
TGTTGCCGTCGTCCCA-1_1;0
CCAACTTGATAGATCC-1_1;0
CAAAGGTCATCTGAAA-1_1;0
CTAGCTTAATGGTCCC-1_1;0
AGGCCACATTGGTTAC-1_1;0
TTAGGATGGGAGGGTA-1_1;0
TATGACCTTGCGCTGG-1_1;1
ATATACATGTATGGTA-1_1;0
TGTGTGACCATGAATC-1_1;1
CCCACTCCACGGTATC-1_1;0
GGGCAGACGTCACTGC-1_1;0
TCAAAGAGCTATCTGT-1_1;2
AGATGCATCCTGTGTC-1_1;1
GTGAAGTCACGACTCG-1_1;3
TGATTCAGGTCCCGCG-1_1;4
CGCCACAGGTCGCGAT-1_1;0
TTGAATCGTTGTATAA-1_1;4
TGGCCAATTTGGTACT-1_1;0
CGACCCTTAACGCCGG-1_1;4
TCGGCGTACTGCACAA-1_1;5
GAGTAAGGCCACGGGA-1_1;5
ATCAGCTCGTCCACTA-1_1;1
AGGATCACGCGATCTG-1_1;5
AAATGGCCCGTGCCCT-1_1;2
CAGTACCAGTTTACGT-1_1;0
GGTCGTAAGCTCGCAC-1_1;0
CGTTCATGGTGCGCGT-1_1;0
GACTACAAAGCGGTGG-1_1;0
CAGCTGGCGTAACCGT-1_1;5
ACTCGTAACCCGTCCT-1_1;0
CATATGTCAGGCTACG-1_1;3
GCCCGACTTCTTCCCG-1_1;2
CTGGCATCCGAATGAG-1_1;0
AAGTGCGTTAGAATCT-1_1;0
AGAAGTGATTCGTGAT-1_1;1
TACCTTAAGATTTCCC-1_1;0
AATGACAGCAATGTCT-1_1;1
TCAACGCAGGAAATAA-1_1;2
TATTCCTCCGCCCACT-1_1;2
ATCAAACGAAGGTTTG-1_1;1
TTGATTAGCTGTTTCT-1_1;1
CTGCTGAGGCCACGAA-1_1;0
CCGTGTTAAATTCCAT-1_1;2
CACGTCGGCAACCTCT-1_1;4
GTATTCTGAGAAACGA-1_1;4
CGGTGCGCGTTGGTCC-1_1;0
GTGATTCGCCGCTCAA-1_1;1
GCCCGCGCGTAAACGG-1_1;0
AACGTACTGTGGGTAC-1_1;2
GAGTATGCCCGCCTTG-1_1;2
TGATTCTGTCGCCGGT-1_1;2
GGGCGGCAAATGAATT-1_1;3
TTCCAATCTGGCTATC-1_1;2
GGAACCGTGTAAATTG-1_1;2
TTGGTCACACTCGTAA-1_1;0
CGAACCCGCATGCGTC-1_1;1
GGGCGTCACCACGTAA-1_1;0
TACCAGAAGTAGGTTC-1_1;1
TTGGATATCGTCTACG-1_1;3
TAGATATGGACTGGAA-1_1;1
GCGACGATAGTTGTAC-1_1;0
CTGGATTTACACTTGA-1_1;0
GTTATATTATCTCCCT-1_1;1
TATTCCACTCAGCTCG-1_1;1
CTGTTACCCAATCTAG-1_1;0
ACGCGAAGTCAGACGA-1_1;1
GATAGGTAACGTTGAC-1_1;2
TGTTCGTATTGCGGTG-1_1;0
GGTCAGTGGGTCCCAC-1_1;3
AATTCTAGAGTTAGGC-1_1;0
GTTTACGTTCCATCTG-1_1;3
AGACCCACCGCTGATC-1_1;3
TCTAGCATGCCCAGAA-1_1;2
CCCGCAGCGCGAACTA-1_1;2
CTCTATTTGGCTGCAG-1_1;0
TTCTGCCGCGCCTAGA-1_1;0
ACTCCCTAGAATAGTA-1_1;1
CCGAACCTTCCCGGCC-1_1;0
TCAGACGCTATAGAAG-1_1;0
CAGGCGCCATGCTAGG-1_1;1
CACTCGAGCTGAACAA-1_1;2
ACAAGGAAATCCGCCC-1_1;0
ACCACGTGCAGCTATA-1_1;0
ACGGCGACGATGGGAA-1_1;0
TTACTAAAGGACTTTA-1_1;0
GGCTGAAATAGCAAAG-1_1;0
TTAGACGAGTCACCTC-1_1;3
GTAGTCGCGGGAATCA-1_1;2
GCAAACCCTACATTAT-1_1;3
GTTAAAGTAGGACTGG-1_1;3
ACCCTCCCTTGCTATT-1_1;3
CATGTCTCATTTATGG-1_1;3
AATAGAATCTGTTTCA-1_1;0
TCTCATGAGATAGGGT-1_1;1
ATGACTATGCGACATT-1_1;0
CCTAACCCAAACAAGT-1_1;1
AGTCAAGATGACACTT-1_1;0
CGGGAGCTTCAGTGTA-1_1;1
CCACAGTACCCATCCT-1_1;2
GAGCGCGCACGAGTAG-1_1;0
ACCAGTGCGGGAGACG-1_1;0
TCCTTACGACGGTCCG-1_1;1
TAGTCGATCACGGGTT-1_1;2
AGACGAAGTGCCGGTC-1_1;0
CGCTGGTGACTACCCT-1_1;0
AGGCATTGTCGTAGGG-1_1;1
TGGTAGAATATATGGG-1_1;1
TTCTTATCCGCTGGGT-1_1;1
ATGCGAGTCCCACCAC-1_1;0
ATTACCACACTGCCTG-1_1;0
CGTGGAAGCCTCGTAC-1_1;0
GGACTCACAAATTAGG-1_1;0
CTTTGCTGTCATGGAT-1_1;1
GGTGTTGGGCGTCTTA-1_1;1
TACCATGTATTGATTT-1_1;2
GGTCTCCAAGTAGTGC-1_1;2
ATCCTTCTGAAAGAAC-1_1;0
CCGGAAGTTATCAGTC-1_1;3
TTAGAGGGATATACAG-1_1;0
TTGTACACCTCGAACA-1_1;1
GTGGGTACTGAGCGTA-1_1;1
CTTAAGCAGCGAGCCG-1_1;1
GCATTGACTTGCGGAA-1_1;0
CCATAACCTGTGCAGT-1_1;0
GGGCTACTATTTCGTG-1_1;2
GGCGAGCGAAACGGCA-1_1;0
GGAGACCATCTACATA-1_1;3
AGACCAAACCACACCT-1_1;5
CGACGCATCCGTACCT-1_1;1
CCTAGGTAAAGGTAGC-1_1;5
AGCGGCGGTTAGCGGT-1_1;6
CTGGACGCAGTCCGGC-1_1;3
AGCCTAATACCCACGT-1_1;2
AATCTGGCTTTCTAGT-1_1;0
CACCCTTGGTGAGACC-1_1;1
GGATCTTGACTCAACC-1_1;0
ACGAGGATACCACTCT-1_1;2
GAGTTGATGGCAATTT-1_1;2
GTGGCAAACAGCGGCA-1_1;0
GATGTAACGAACCACC-1_1;0
AGCCGTGGCTAAATGT-1_1;0
CTCCCTCCTTTCGATC-1_1;0
TTGGAAGAATACAGTC-1_1;3
AGTTAAGTCAACCGCT-1_1;0
CTCATGGTAATTTGCG-1_1;0
AAAGTAGCATTGCTCA-1_1;0
TTGTGGTAGGAGGGAT-1_1;0
AGTCGTGGGCATTACG-1_1;1
ACCTAAGTACCTTTCA-1_1;0
GTAGAGGGAGACAAGT-1_1;1
GATCCTCGACACTGGC-1_1;0
CCTACATTCACAGACG-1_1;1
TTGACCGTGTTAATGA-1_1;0
TCTGTTACCCAGCATA-1_1;1
CTAACTGGTCCGGTTC-1_1;1
AGCGACAGGAACGGTC-1_1;1
TAATAGAACAGAGTTA-1_1;1
ACAGGTGGAGGTGAGG-1_1;1
TGCGAGAATATTACCC-1_1;1
TTGCGTCGGCCAACCG-1_1;1
AGGCTTCCCGAAGAAG-1_1;2
GCGGACCGCGTTGTGG-1_1;1
GTAATCTGATTCTTCG-1_1;3
CCGCGGAATGCGTCAC-1_1;1
TTCCACACAGATTTGA-1_1;3
CTTCTATTAATGCTAG-1_1;0
CATTTGAGTGGTACGT-1_1;0
TCACAGCAAACTCGAA-1_1;1
CAGACGAACCTGATAC-1_1;1
TAGCTAGAAGGCATGA-1_1;1
ATCCAGAGCAACAACC-1_1;0
TCCGGTTCGTCCGGTC-1_1;1
CGCGCATGTTTGATTG-1_1;0
TGGCGATCAAGTTATG-1_1;1
CCCTTTGACAGGTCTT-1_1;0
CAGAGACGGTCACCCA-1_1;1
TAGCTCGCCTGATAAC-1_1;0
TTGTGTTTCCCGAAAG-1_1;1
TATACACAGACGCCTT-1_1;1
ACATTAGTTTATATCC-1_1;1
CCATCGCAGTTAAACT-1_1;1
AATTAGCGCTGCAGCG-1_1;1
TCCGCTTATCCCATTA-1_1;0
GTTTGGGCTTGTGAGC-1_1;1
CTTGTCAACATTCGAG-1_1;3
GGACCAACAGGATAAC-1_1;1
AAGCTAGATCGAGTAA-1_1;0
TACCGTGCCTCGGACC-1_1;0
GTAGCCAAACATGGGA-1_1;0
TGCCAGTACGTGGAGA-1_1;0
ATAAGGTGGAGAACAT-1_1;1
CTTTAATATTGGTCGA-1_1;1
TGGTTCAACGGGTAAT-1_1;1
GCTGCTACTGCGTAGC-1_1;1
CTGCACAACTACATAT-1_1;0
ATATTCCACATAGTGA-1_1;1
TGGCAAACTAAATTAC-1_1;1
ACCGCAATAACTGCCT-1_1;1
TCGCACCAGGAGGCAG-1_1;0
ACTTCAGGCTGATCCC-1_1;1
ACAAATCGCACCGAAT-1_1;2
TCTGATGTATTCTGTC-1_1;1
CTTTACCGAATAGTAG-1_1;0
GCAGATCCATAAGACT-1_1;0
TTCCTCGGACTAACCA-1_1;1
TTATCCGGGATCTATA-1_1;1
CTGGAAGACACGGTGG-1_1;1
GTTCGTCTAAAGAACT-1_1;1
GTCTATTGGTTCCGGT-1_1;1
CTAGGCGCCCTATCAG-1_1;1
AACGGACGTACGTATA-1_1;1
AACACACGCTCGCCGC-1_1;1
GCTACTATAGTAGAGT-1_1;1
AGCATATCAATATGCT-1_1;1
CGAACAGTATGGGCGT-1_1;0
ACAATTGTGTCTCTTT-1_1;1
GATCGCTACCCGATTT-1_1;1
TCTGCTTAGAACAAGC-1_1;2
CCTCAACGATCGCTGT-1_1;3
CGGTACGGCAAACCCA-1_1;2
CAGATGTTTGTCCCAA-1_1;1
GTTTGTTAGCCAAGTA-1_1;3
ACGTGACAAAGTAAGT-1_1;1
TTGTCACCGCGGTATC-1_1;3
GATCTAACCGTATTCA-1_1;0
ATGGAAATTTAAGGAG-1_1;3
ATTGATCACCACATTT-1_1;0
ACTGCTCGGAAGGATG-1_1;3
TCTAAAGAACAGTCTC-1_1;1
CTGGGTTGAGTTAAAG-1_1;3
CCCAGTAAACTTGGGA-1_1;0
AGATTCACAACCGATA-1_1;1
AGAAGGTACACTTCAC-1_1;0
GCAGGAACTTAGATCT-1_1;1
AATCTAGGTTTACTTG-1_1;2
CCCGGTGTATCGGAAT-1_1;1
TTATCCTCAAGGAATA-1_1;1
AGCATCATTTCGAAAG-1_1;0
CGCGAGTCTGCCGGGT-1_1;0
TGCGTCATGACTGAGC-1_1;1
GTATGAAATTTCACTC-1_1;0
TTGGTTGCGGTGCGCG-1_1;0
ACAGAACTGAGAACAA-1_1;0
CTACTATCATAGGTTT-1_1;1
CCTCTATCGATTAGCA-1_1;1
CCGTATCTCGTCGTAG-1_1;1
TCACGATGTCCGTGGA-1_1;1
TCAACAAAGATAATTC-1_1;1
ATGACGCGTTCTATCC-1_1;1
ATTTGCGCGAGTAGCT-1_1;1
TTCTTGGACGATCTGC-1_1;1
AGACGACGATGCCGCT-1_1;1
GGTCTCTGAATGGACT-1_1;1
GCTCAATCCGTTTATT-1_1;1
CCAGAAAGCAACTCAT-1_1;1
CACCGTTAGGGATCAC-1_1;1
AATAACACTAGAACAA-1_1;1
CACCCGGTTTGTGACT-1_1;5
CCACCAACTTTACTGT-1_1;1
AACTCTCAGTGTGCTC-1_1;1
AAACCGTTCGTCCAGG-1_1;1
CAGCGATTCCCTTCAA-1_1;1
GCTAGCTTGAATAGCT-1_1;1
TTGCGGCATCAGAAAG-1_1;1
AATAGAACAGAGTGGC-1_1;1
GCCATCGAGCTGCGTG-1_1;1
ACACTGATCAAGGTGT-1_1;1
ACCAACGCTTATTTAT-1_1;1
GACATCGATTTATAAC-1_1;1
CAGACACCGATCGCTG-1_1;1
CCAAGAAAGTGGGCGA-1_1;1
GGTAGACCGTTGGGCG-1_1;1
TCGTTAGGAGTCCCTA-1_1;1
ACGGCCAACATGGACT-1_1;1
GTGAGTGGTACAACGC-1_1;1
GAGACTTCGCGACCGA-1_1;1
GAAGTCAGTTGCACTA-1_1;1
GTTTGGTAGGGTCAAC-1_1;1
ACGGCACTTGCTTGGG-1_1;1
CCTCTGTACTATTCTA-1_1;1
CTATTCATGTGTCCCA-1_1;1
GCCCGATCTGTGGTCG-1_1;1
TTAGAAGAACATGACT-1_1;1
AGGATAAAGTCGGGAT-1_1;1
CGGCAAACATCGTGCG-1_1;1
CTAGTTACAACCCGGT-1_1;1
TTCGACAGAGCCCGTG-1_1;1
AAGCATACTCTCCTGA-1_1;1
GACGACGATCCGCGTT-1_1;1
GGTAGAAGACCGCCTG-1_1;0
GAGATGGGAGTCGACA-1_1;1
AACGATAATGCCGTAG-1_1;1
TGGTCCCACGCTACGG-1_1;1
CTGCTTGGCGATAGCT-1_1;1
ATCGGAGACAGACGGC-1_1;1
TAGCGTCCGGTGTGGT-1_1;2
GTTGAGTCCCGCCGGT-1_1;1
AAATAGGGTGCTATTG-1_1;0
AAGTGTTTGGAGACGG-1_1;1
AGCACTACCTCACCAG-1_1;1
TGCCTTGGCCAGGCAA-1_1;1
TCGTCTTAGGCGTTAA-1_1;1
TTCTGACCGGGCTCAA-1_1;1
CAGAACTTAGCCCTCT-1_1;1
AGCTCCTTCGCACATC-1_1;1
ACAGGCTTGCCCGACT-1_1;1
GCTATACGTCTCGGAC-1_1;1
GAGCCAGCTACCTGTG-1_1;1
TGCTAAGTGTCTATTT-1_1;1
GTCCTACGAATAGTCT-1_1;1
CAGTGTCGGCTGGCCC-1_1;1
CTATCGACGAAATACA-1_1;1
CATCATTACCCTGAGG-1_1;1
TAAGTTGCGACGTAGG-1_1;1
AGTGCACGCTTAAGAA-1_1;1
TGTGCCGGTGCCGGAA-1_1;1
AGGAGGCCTTCGCGCG-1_1;0
TCCGCGGCCCAATGAA-1_1;1
GTTGCGGACGGTCAGG-1_1;1
TGTGCCAGAGGCAAAG-1_1;0
TGGCTTATGTATAATG-1_1;2
GCAAGCTGGAAACCGC-1_1;1
GATATCAAGCAGGAGC-1_1;0
CACCAATCATCCGTCT-1_1;5
CCACATGGCTCTTTAT-1_1;4
GTCCTACTCTACGGGC-1_1;1
CTCGAGACATACGATA-1_1;0
TATCAGTGGCGTAGTC-1_1;3
TGACAGGACAAGTCCA-1_1;0
TATTAACACCAAAGCA-1_1;1
TAGGCGATGAGGTCTC-1_1;3
CCGCCGGAACTTCTCG-1_1;2
GCCATTAGCCTCAAAC-1_1;3
GTTAGGCTACCCGTTT-1_1;2
GCCCTAGCCGTCGCGA-1_1;1
CCGACGGGCATGAGGT-1_1;1
AGCTGTAACCTCAATC-1_1;1
AGTCTCACAAGACTAC-1_1;1
TAAGTCGCCGAGTATC-1_1;1
GGCAAAGGCGCCAATA-1_1;1
TAAACCCAGGAGGGCA-1_1;1
GTGGAGTCGGCGGTTG-1_1;1
CAATATTCTTGACCTA-1_1;1
TCGTTGCTATCCGGTC-1_1;1
GGGTTAACATTTGAGT-1_1;1
CTGGCTGGTTGTCAGT-1_1;1
CTCTTGTCCCGCTTGG-1_1;1
CGGAGCAATTTAATCG-1_1;1
CATGTAAGAGACATTT-1_1;1
CATCCTCTCAAAGATC-1_1;1
AACGCTGTTGCTGAAA-1_1;1
AATCATGTAAAGACTC-1_1;1
GCGAAACGATCGGGAG-1_1;1
CATGGATTGTCTTCCG-1_1;1
ATTGGATTACAGCGTA-1_1;1
CACACACGCTAACGAG-1_1;1
CTATGGGAAGCGGAAT-1_1;1
TGCCTAATTGAAGATT-1_1;1
ACCTCCGCCCTCGCTG-1_1;1
TGGGCAGGCCACCGCA-1_1;0
CTCCTGTTCAAGGCAG-1_1;1
GCCACTCCTTACGGTA-1_1;1
ACCGATATTTAATCAT-1_1;1
TTATTATCTGGAAGGC-1_1;0
CATACACAAAGTCAGC-1_1;1
TCGAGTCTACGATTCG-1_1;1
CAATTGGGCCGCACTC-1_1;0
TGAGGCATGTACTGTG-1_1;0
GACTCCTTCCAATTGA-1_1;1
AGCAACCGAAAGTAAT-1_1;1
ACGCATACGTTTACTA-1_1;1
CGAGAGGGTAGCCGCG-1_1;1
TCTACCCAATAGAGAG-1_1;1
AGGCACGTGACTGTCC-1_1;1
GACAAGAGATGAGATT-1_1;1
AGCCCTTGGACATCCC-1_1;1
GCAGTTCGATCCGAGC-1_1;1
TCGAGGGCAACAGACG-1_1;1
ACTTTGTCGACGCACT-1_1;1
GAGTATCAAAGTTACA-1_1;1
TCTTTCCTTCGAGATA-1_1;1
ATATTGGAGAGGCCTT-1_1;1
AGGCGATAACTGGCGT-1_1;0
