CellID;neg.log10.p.val.g;neg.log10.p.val.adj.g;neg.log10.p.val.d;neg.log10.p.val.adj.d
11x13_1   ;0.11706377;0.0000000 ;4.000043  ;3.221892  
11x14_1   ;0.32170718;0.0000000 ;4.000043  ;3.221892  
11x15_1   ;0.34203203;0.0000000 ;4.000043  ;3.221892  
11x16_1   ;0.32170718;0.0000000 ;4.000043  ;3.221892  
11x17_1   ;0.34203203;0.0000000 ;4.000043  ;3.221892  
11x18_1   ;0.34203203;0.0000000 ;4.000043  ;3.221892  
11x19_1   ;0.34203203;0.0000000 ;4.000043  ;3.221892  
11x22_1   ;0.11706377;0.0000000 ;4.000043  ;3.221892  
12x11_1   ;0.11706377;0.0000000 ;4.000043  ;3.221892  
12x12_1   ;0.34203203;0.0000000 ;4.000043  ;3.221892  
12x13_1   ;0.23311033;0.0000000 ;4.000043  ;3.221892  
12x14_1   ;0.23311033;0.0000000 ;4.000043  ;3.221892  
12x15_1   ;0.23311033;0.0000000 ;4.000043  ;3.221892  
12x16_1   ;0.23311033;0.0000000 ;4.000043  ;3.221892  
12x17_1   ;0.23311033;0.0000000 ;4.000043  ;3.221892  
12x18_1   ;0.23311033;0.0000000 ;4.000043  ;3.221892  
12x19_1   ;0.23311033;0.0000000 ;4.000043  ;3.221892  
12x20_1   ;0.34203203;0.0000000 ;4.000043  ;3.221892  
12x22_1   ;0.11706377;0.0000000 ;4.000043  ;3.221892  
12x23_1   ;0.11706377;0.0000000 ;4.000043  ;3.221892  
12x24_1   ;0.11706377;0.0000000 ;4.000043  ;3.221892  
13x10_1   ;0.34203203;0.0000000 ;4.000043  ;3.221892  
13x11_1   ;0.23311033;0.0000000 ;4.000043  ;3.221892  
13x12_1   ;0.34203203;0.0000000 ;4.000043  ;3.221892  
13x13_1   ;0.23311033;0.0000000 ;4.000043  ;3.221892  
13x14_1   ;0.23311033;0.0000000 ;4.000043  ;3.221892  
13x15_1   ;0.23311033;0.0000000 ;4.000043  ;3.221892  
13x16_1   ;0.23311033;0.0000000 ;4.000043  ;3.221892  
13x17_1   ;0.23311033;0.0000000 ;4.000043  ;3.221892  
13x18_1   ;0.23311033;0.0000000 ;4.000043  ;3.221892  
13x19_1   ;0.23311033;0.0000000 ;4.000043  ;3.221892  
13x20_1   ;0.32170718;0.0000000 ;4.000043  ;3.221892  
13x22_1   ;0.01121702;0.0000000 ;4.000043  ;3.221892  
13x23_1   ;0.11706377;0.0000000 ;4.000043  ;3.221892  
13x24_1   ;0.11706377;0.0000000 ;4.000043  ;3.221892  
13x25_1   ;0.11706377;0.0000000 ;4.000043  ;3.221892  
14x10_1   ;0.11706377;0.0000000 ;4.000043  ;3.221892  
14x11_1   ;0.23311033;0.0000000 ;4.000043  ;3.221892  
14x12_1   ;0.23311033;0.0000000 ;4.000043  ;3.221892  
14x13_1   ;0.23311033;0.0000000 ;4.000043  ;3.221892  
14x14_1   ;0.23311033;0.0000000 ;4.000043  ;3.221892  
14x15_1   ;0.01121702;0.0000000 ;4.000043  ;3.221892  
14x16_1   ;0.01121702;0.0000000 ;4.000043  ;3.221892  
14x17_1   ;0.01121702;0.0000000 ;4.000043  ;3.221892  
14x18_1   ;0.01121702;0.0000000 ;4.000043  ;3.221892  
14x19_1   ;0.23311033;0.0000000 ;4.000043  ;3.221892  
14x20_1   ;0.23311033;0.0000000 ;4.000043  ;3.221892  
14x21_1   ;0.32170718;0.0000000 ;4.000043  ;3.221892  
14x22_1   ;0.11706377;0.0000000 ;4.000043  ;3.221892  
14x23_1   ;0.11706377;0.0000000 ;4.000043  ;3.221892  
14x24_1   ;0.11706377;0.0000000 ;4.000043  ;3.221892  
14x25_1   ;0.11706377;0.0000000 ;4.000043  ;3.221892  
14x26_1   ;0.11706377;0.0000000 ;4.000043  ;3.221892  
15x10_1   ;0.34203203;0.0000000 ;4.000043  ;3.221892  
15x11_1   ;0.23311033;0.0000000 ;4.000043  ;3.221892  
15x12_1   ;0.23311033;0.0000000 ;4.000043  ;3.221892  
15x13_1   ;0.23311033;0.0000000 ;4.000043  ;3.221892  
15x14_1   ;0.23311033;0.0000000 ;4.000043  ;3.221892  
15x15_1   ;0.23311033;0.0000000 ;4.000043  ;3.221892  
15x16_1   ;0.01121702;0.0000000 ;4.000043  ;3.221892  
15x17_1   ;0.01121702;0.0000000 ;4.000043  ;3.221892  
15x18_1   ;0.01121702;0.0000000 ;4.000043  ;3.221892  
15x19_1   ;0.01121702;0.0000000 ;4.000043  ;3.221892  
15x20_1   ;0.23311033;0.0000000 ;4.000043  ;3.221892  
15x21_1   ;0.32170718;0.0000000 ;4.000043  ;3.221892  
15x23_1   ;0.11706377;0.0000000 ;4.000043  ;3.221892  
15x24_1   ;0.11706377;0.0000000 ;4.000043  ;3.221892  
15x25_1   ;0.11706377;0.0000000 ;4.000043  ;3.221892  
15x26_1   ;0.11706377;0.0000000 ;4.000043  ;3.221892  
16x9_1    ;0.34203203;0.0000000 ;4.000043  ;3.221892  
16x10_1   ;0.32170718;0.0000000 ;4.000043  ;3.221892  
16x11_1   ;0.34203203;0.0000000 ;4.000043  ;3.221892  
16x12_1   ;0.32170718;0.0000000 ;4.000043  ;3.221892  
16x13_1   ;0.23311033;0.0000000 ;4.000043  ;3.221892  
16x14_1   ;0.32170718;0.0000000 ;4.000043  ;3.221892  
16x15_1   ;0.32170718;0.0000000 ;4.000043  ;3.221892  
16x16_1   ;0.32170718;0.0000000 ;4.000043  ;3.221892  
16x17_1   ;0.23311033;0.0000000 ;4.000043  ;3.221892  
16x18_1   ;0.23311033;0.0000000 ;4.000043  ;3.221892  
16x19_1   ;0.32170718;0.0000000 ;4.000043  ;3.221892  
16x20_1   ;0.32170718;0.0000000 ;4.000043  ;3.221892  
16x21_1   ;0.32170718;0.0000000 ;4.000043  ;3.221892  
16x23_1   ;0.11706377;0.0000000 ;4.000043  ;3.221892  
16x24_1   ;0.11706377;0.0000000 ;4.000043  ;3.221892  
16x25_1   ;0.11706377;0.0000000 ;4.000043  ;3.221892  
17x10_1   ;0.34203203;0.0000000 ;4.000043  ;3.221892  
17x11_1   ;0.23311033;0.0000000 ;4.000043  ;3.221892  
17x12_1   ;0.23311033;0.0000000 ;4.000043  ;3.221892  
17x13_1   ;0.23311033;0.0000000 ;4.000043  ;3.221892  
17x14_1   ;0.23311033;0.0000000 ;4.000043  ;3.221892  
17x15_1   ;0.23311033;0.0000000 ;4.000043  ;3.221892  
17x16_1   ;0.23311033;0.0000000 ;4.000043  ;3.221892  
17x17_1   ;0.23311033;0.0000000 ;4.000043  ;3.221892  
17x18_1   ;0.32170718;0.0000000 ;4.000043  ;3.221892  
17x19_1   ;0.32170718;0.0000000 ;4.000043  ;3.221892  
17x20_1   ;0.32170718;0.0000000 ;4.000043  ;3.221892  
17x21_1   ;0.32170718;0.0000000 ;4.000043  ;3.221892  
17x22_1   ;0.34203203;0.0000000 ;4.000043  ;3.221892  
17x24_1   ;1.03437146;0.2562202 ;3.301073  ;2.522922  
17x25_1   ;1.03437146;0.2562202 ;3.301073  ;2.522922  
18x10_1   ;0.23311033;0.0000000 ;4.000043  ;3.221892  
18x11_1   ;0.23311033;0.0000000 ;4.000043  ;3.221892  
18x12_1   ;0.23311033;0.0000000 ;4.000043  ;3.221892  
18x13_1   ;0.23311033;0.0000000 ;4.000043  ;3.221892  
18x14_1   ;0.23311033;0.0000000 ;4.000043  ;3.221892  
18x15_1   ;0.23311033;0.0000000 ;4.000043  ;3.221892  
18x16_1   ;0.23311033;0.0000000 ;4.000043  ;3.221892  
18x17_1   ;0.32170718;0.0000000 ;4.000043  ;3.221892  
18x18_1   ;0.32170718;0.0000000 ;4.000043  ;3.221892  
18x19_1   ;0.32170718;0.0000000 ;4.000043  ;3.221892  
18x20_1   ;0.32170718;0.0000000 ;4.000043  ;3.221892  
18x21_1   ;1.03437146;0.2562202 ;3.301073  ;2.522922  
18x22_1   ;1.03437146;0.2562202 ;3.301073  ;2.522922  
18x23_1   ;1.03437146;0.2562202 ;3.301073  ;2.522922  
18x24_1   ;1.03437146;0.2562202 ;3.301073  ;2.522922  
18x25_1   ;1.03437146;0.2562202 ;3.301073  ;2.522922  
18x26_1   ;1.03437146;0.2562202 ;3.301073  ;2.522922  
19x10_1   ;0.34203203;0.0000000 ;4.000043  ;3.221892  
19x11_1   ;0.23311033;0.0000000 ;4.000043  ;3.221892  
19x12_1   ;0.23311033;0.0000000 ;4.000043  ;3.221892  
19x13_1   ;0.23311033;0.0000000 ;4.000043  ;3.221892  
19x14_1   ;0.23311033;0.0000000 ;4.000043  ;3.221892  
19x15_1   ;0.23311033;0.0000000 ;4.000043  ;3.221892  
19x16_1   ;0.23311033;0.0000000 ;4.000043  ;3.221892  
19x17_1   ;0.32170718;0.0000000 ;4.000043  ;3.221892  
19x18_1   ;0.32170718;0.0000000 ;4.000043  ;3.221892  
19x19_1   ;0.34203203;0.0000000 ;4.000043  ;3.221892  
19x20_1   ;0.34203203;0.0000000 ;4.000043  ;3.221892  
19x22_1   ;1.03437146;0.2562202 ;3.301073  ;2.522922  
19x23_1   ;1.03437146;0.2562202 ;3.301073  ;2.522922  
19x24_1   ;1.03437146;0.2562202 ;3.301073  ;2.522922  
19x25_1   ;0.01121702;0.0000000 ;4.000043  ;3.221892  
19x26_1   ;1.03437146;0.2562202 ;3.301073  ;2.522922  
20x11_1   ;0.11706377;0.0000000 ;4.000043  ;3.221892  
20x12_1   ;0.32170718;0.0000000 ;4.000043  ;3.221892  
20x13_1   ;0.34203203;0.0000000 ;4.000043  ;3.221892  
20x14_1   ;0.23311033;0.0000000 ;4.000043  ;3.221892  
20x15_1   ;0.32170718;0.0000000 ;4.000043  ;3.221892  
20x16_1   ;0.32170718;0.0000000 ;4.000043  ;3.221892  
20x17_1   ;0.32170718;0.0000000 ;4.000043  ;3.221892  
20x21_1   ;1.03437146;0.2562202 ;3.301073  ;2.522922  
20x22_1   ;1.03437146;0.2562202 ;3.301073  ;2.522922  
20x23_1   ;1.03437146;0.2562202 ;3.301073  ;2.522922  
20x24_1   ;1.03437146;0.2562202 ;3.301073  ;2.522922  
20x25_1   ;1.03437146;0.2562202 ;3.301073  ;2.522922  
20x26_1   ;1.03437146;0.2562202 ;3.301073  ;2.522922  
21x13_1   ;0.11706377;0.0000000 ;4.000043  ;3.221892  
21x14_1   ;0.32170718;0.0000000 ;4.000043  ;3.221892  
21x15_1   ;0.32170718;0.0000000 ;4.000043  ;3.221892  
21x22_1   ;1.03437146;0.2562202 ;3.301073  ;2.522922  
21x23_1   ;0.11706377;0.0000000 ;4.000043  ;3.221892  
21x24_1   ;1.03437146;0.2562202 ;3.301073  ;2.522922  
21x25_1   ;1.03437146;0.2562202 ;3.301073  ;2.522922  
21x26_1   ;1.03437146;0.2562202 ;3.301073  ;2.522922  
21x27_1   ;1.03437146;0.2562202 ;3.301073  ;2.522922  
22x20_1   ;0.11706377;0.0000000 ;4.000043  ;3.221892  
22x21_1   ;0.11706377;0.0000000 ;4.000043  ;3.221892  
22x22_1   ;0.11706377;0.0000000 ;4.000043  ;3.221892  
22x23_1   ;1.03437146;0.2562202 ;3.301073  ;2.522922  
22x24_1   ;1.03437146;0.2562202 ;3.301073  ;2.522922  
22x25_1   ;1.03437146;0.2562202 ;3.301073  ;2.522922  
22x26_1   ;1.03437146;0.2562202 ;3.301073  ;2.522922  
22x27_1   ;0.01121702;0.0000000 ;4.000043  ;3.221892  
23x18_1   ;0.11706377;0.0000000 ;4.000043  ;3.221892  
23x19_1   ;0.11706377;0.0000000 ;4.000043  ;3.221892  
23x20_1   ;0.01121702;0.0000000 ;4.000043  ;3.221892  
23x21_1   ;0.11706377;0.0000000 ;4.000043  ;3.221892  
23x22_1   ;0.11706377;0.0000000 ;4.000043  ;3.221892  
23x23_1   ;0.11706377;0.0000000 ;4.000043  ;3.221892  
23x24_1   ;0.11706377;0.0000000 ;4.000043  ;3.221892  
23x25_1   ;0.11706377;0.0000000 ;4.000043  ;3.221892  
23x26_1   ;1.03437146;0.2562202 ;3.301073  ;2.522922  
23x27_1   ;0.01121702;0.0000000 ;4.000043  ;3.221892  
24x18_1   ;0.11706377;0.0000000 ;4.000043  ;3.221892  
24x19_1   ;0.11706377;0.0000000 ;4.000043  ;3.221892  
24x20_1   ;0.01121702;0.0000000 ;4.000043  ;3.221892  
24x21_1   ;0.11706377;0.0000000 ;4.000043  ;3.221892  
24x24_1   ;0.11706377;0.0000000 ;4.000043  ;3.221892  
24x25_1   ;0.11706377;0.0000000 ;4.000043  ;3.221892  
24x26_1   ;0.11706377;0.0000000 ;4.000043  ;3.221892  
25x20_1   ;0.11706377;0.0000000 ;4.000043  ;3.221892  
25x25_1   ;0.11706377;0.0000000 ;4.000043  ;3.221892  
